"stockid","B0_scalar","r","sigmaP","biomass_max","p","B0","bmsy","fmsy","msy"
"ACADRED2J3K",0.460321046585346,1.19618782617405,0.168811149722402,1060000,0.2,487940.309380466,196092.266822783,0.996823188478371,195469.318650238
"ACADRED3LNO-UT12",0.656250184820985,1.15117539241781,0.239069826119617,322000,0.2,211312.559512357,84921.77835341,0.959312827014839,81466.5512673373
"ACADREDGOMGB",0.612084122888463,0.01518960052747,0.0189729620122037,1968921.660152,0.2,1205145.68739023,484321.022774496,0.0126580004395583,6130.5357191669
"ACADREDUT3",0.449369217961946,1.02597927205233,0.247154437956543,209000,0.2,93918.1665540466,37743.6047429779,0.854982726710274,32270.130099026
"ACMACKSARG",1.27588093555488,0.0935804083317764,0.0584862713978772,211000,0.2,269210.87740208,108189.813770769,0.0779836736098137,8437.03912500617
"AFLONCH",0.771136323211447,0.104560002853679,0.0138175530532393,47900,0.2,36937.4298818283,14844.3246374374,0.0871333357113995,1293.43552204283
"ALBAIO",0.636987432769572,0.0250440818289497,0.0176379399234569,2449652.74297521,0.2,1560398.01192472,627088.964411619,0.0208700681907915,13087.3894489633
"ALBAMED",0.999732539254562,0.29539698328308,0.00711544703999769,331000,0.2,330911.47049326,132985.898314228,0.2461641527359,32736.3609843445
"ALBANATL",1.17829751993417,0.101408002461476,0.00579637735462552,923000,0.2,1087568.61089924,437069.432749501,0.0845066687178962,36935.2817600809
"ALBANPAC",1.07280458220323,0.233018852972288,0.023244509868289,1210000,0.2,1298093.54446591,521674.681900201,0.194182377476907,101300.03000089
"ALBASATL",1.0783756458116,0.174551135326375,0.00836556822554472,398000,0.2,429193.507033015,172483.244531658,0.145459279438646,25089.2884648148
"ALBASPAC",0.71671763011167,0.0365371666996447,0.0292798051904616,4783311.96153572,0.2,3428284.01315668,1377750.45539026,0.0304476389163706,41949.2483825877
"ALPLAICBSAI",1.60396620932918,0.0414960464529664,0.0204379246158233,766000,0.2,1228638.11634615,493762.103084069,0.0345800387108054,17074.3126385758
"ALSKABSAI",1.01655882223737,0.0915659754141885,0.0226647471904561,6e+05,0.2,609935.293342423,245119.314775601,0.0763049795118237,18703.8242919045
"AMPL23K",0.276794407308592,0.0986289227645919,0.0912618096315741,332000,0.2,91895.7432264526,36930.8381664949,0.0821907689704932,3035.37398762906
"AMPL4T",0.0189719130665851,0.0164823241682731,0.0444835836809193,918940.783018703,0.2,17434.0646487705,7006.35957142591,0.0137352701402276,96.234241413104
"AMPL4VWX",1.16765307308347,0.143018718796207,0.125280437606937,97566.5522711215,0.2,113923.884589534,45783.4541335253,0.119182265663506,5456.57579353474
"AMPL5YZ",0.664777540600388,0.173336137636977,0.0420978326662903,101016.543400421,0.2,67153.5292816842,26987.4973000596,0.144446781364148,3898.25712206723
"ANCHIXa",1.00793517724258,1.02464910478089,0.321503161323699,41119.5349605967,0.2,41445.8257586416,16656.1478261002,0.853874253984078,14222.2557992598
"ANCHMEDGSA1",0.612904551494318,0.335122412061644,0.0991581530063041,5644.74808421651,0.2,3459.69179285513,1390.3725376379,0.279268676718037,388.287498731235
"ANCHMEDGSA16",0.995438135030704,1.05296311852498,0.0963381093416887,14700,0.2,14632.9405849514,5880.65063374138,0.877469265437483,5160.09019188352
"ANCHMEDGSA17-18",0.386281519981032,0.0493763840483854,0.0776177641206831,2680000,0.2,1035234.47354917,416037.516697678,0.0411469867069878,17118.6901691676
"ANCHMEDGSA20",0.785208963351131,1.81066439042576,0.14975261554728,3120.56449751255,0.2,2450.29521416217,984.718691391048,1.50888699202147,1485.82922424035
"ANCHMEDGSA22",1.22272328453066,1.07443886467714,0.122742089774973,46483.9069493281,0.2,56836.9553829001,22841.4976300878,0.895365720564279,20451.4939843308
"ANCHMEDGSA29",1.00808314015039,0.455387870692005,0.125384420671973,1819729.80618228,0.2,1834438.9372415,737219.866111071,0.379489892243338,279767.487550138
"ANCHMEDGSA6",1.14846909288963,0.573054821081501,0.0450164632227251,68700,0.2,78899.8266815174,31708.0707792878,0.477545684234584,15142.0523560536
"ANCHMEDGSA7",0.593469107505857,0.57297628558667,0.167952814198469,112000,0.2,66468.540040656,26712.2154870178,0.477480237988891,12754.5550079518
"ANCHMEDGSA9",2.11855386173265,0.329873311731308,0.135349176930006,17400,0.2,36862.8371941482,14814.3475092224,0.274894426442757,4072.38156167136
"ANCHOBAYB",0.85873150224823,0.656258092995713,0.175098376289233,178254.459124345,0.2,153072.719466294,61516.4928410713,0.546881744163094,33642.2468997216
"ANCHOSA",0.541297350032543,0.328515000837553,0.147337465218149,9260000,0.2,5012413.46130135,2014376.55177041,0.273762500697961,551460.762160003
"ANCHOWA",0.703767254558833,1.91476312629572,0.217658449510604,352000,0.2,247726.073604709,99555.5529854316,1.59563593857977,158854.418228737
"ANGLMEDGSA5",2.22891668731104,0.530991665767849,0.0564563768558852,47.7578694043945,0.2,106.448312065876,42.7791891982848,0.442493054806541,18.929494110496
"ANGLMEDGSA6",1.10833359482694,1.25089623238179,0.110186615234401,1994.53102340331,0.2,2210.60573916245,888.392867140259,1.04241352698482,926.072741983838
"APOLLPJPN",1.4062598497725,0.327201147698525,0.0764304288033024,1370000,0.2,1926575.99418832,774247.682849603,0.272667623082104,211112.275359428
"ARFLOUNDBSAI",1.79641132149387,0.0620154717563204,0.00919289526419963,908000,0.2,1631141.47991643,655519.177564152,0.0516795597969337,33876.9425349634
"ARFLOUNDGA",1.43058019166245,0.0537621200597435,0.0139370758568485,2110000,0.2,3018524.20440778,1213077.17834032,0.0448017667164529,54348.0007530559
"ARFLOUNDPCOAST",1.00701525673779,0.152865389653169,0.0240344942496033,98000,0.2,98687.4951603035,39660.290943409,0.127387824710974,5052.23819068521
"ARGANCHONARG",0.582916901391871,0.226214131595611,0.109457367996179,5150000,0.2,3002022.04216814,1206445.32944643,0.188511776329675,227429.152098587
"ARGANCHOSARG",0.630929468280598,0.714622623653275,0.122347555112282,2170000,0.2,1369116.9461689,550217.394132948,0.595518853044396,327664.83147913
"ARGHAKENARG",1.4819865875237,0.442501120821563,0.0408208778858938,594000,0.2,880300.032989079,353772.839903662,0.368750934017969,130454.065144665
"ATBTUNAWATL",0.588045932773241,0.102801526023944,0.0285677614112825,148974.539706917,0.2,87603.8721614182,35206.0314434712,0.0856679383532869,3016.02813136317
"ATHAL3NOPs4VWX5Zc",5.02324181708717,0.183320213354134,0.00907483413971483,27100,0.2,136129.853243062,54707.534900279,0.152766844461778,8357.49747499822
"ATKABSAI",0.852930770202616,0.167801817495171,0.0810128967222931,1310000,0.2,1117339.30896543,449033.608605576,0.139834847912642,62790.5463670257
"ATLCROAKMATLC",1.31837037927478,0.356381061859024,0.0703510018628485,97477.5371501758,0.2,128511.497623449,51645.8886411108,0.296984218215854,15338.0138621433
"ATOOTHFISHRS",0.962594494005091,0.0768415298921835,0.00406110093453092,89300,0.2,85959.6883146546,34545.2708311851,0.0640346082434863,2212.09288434007
"AUROCKPCOAST",0.983740676911117,0.019201725919641,0.00303027635703001,6470,0.2,6364.80217961493,2557.87124630872,0.0160014382663675,40.9296188411255
"AUSSALMONNZ",0.97404475914914,0.16125117145686,0.0196274358829827,48324.341245691,0.2,47070.0713296999,18916.4059806214,0.13437597621405,2541.91052010731
"BGRDRNSWWA",1.13646002913592,0.0685257686385076,0.0437839011027532,150525,0.2,171065.645885684,68747.4464239666,0.0571048071987563,3925.80967344744
"BGROCKPCOAST",1.01457620209389,0.0677029251502482,0.00481028064249008,12900,0.2,13088.0330070112,5259.78692732897,0.0564191042918735,296.752467206006
"BIGEYEATL",0.989446042066926,0.194063566390737,0.0045091401269006,1250000,0.2,1236807.55258366,497045.216283942,0.161719638658948,80381.9727745976
"BIGEYECWPAC",0.772023924246246,0.112462525525435,0.023906782697904,3540000,0.2,2732964.69183171,1098317.21476004,0.0937187712711958,102932.939833313
"BIGEYEEPAC",1.18089226362534,0.870807890539547,0.07723550484405,296562.650560862,0.2,350208.539727546,140740.957645137,0.725673242116289,102131.947032898
"BIGEYEIO",0.981627146608858,0.111899384519635,0.0199249701646087,2620007.52904623,0.2,2571870.51483138,1033577.07804116,0.0932494870996958,96380.5324053403
"BIGHTREDSE",0.964798532866722,0.120663963755542,0.00497839138303698,16800,0.2,16208.6153521609,6513.87898347517,0.100553303129618,654.992047975027
"BKCDLFENI",0.977475121213188,0.0661599206562009,0.00966901563182593,44947.4219217474,0.2,43934.9866911804,17656.4857780271,0.0551332672135007,973.459748451343
"BKINGCRABPI",0.0426078139614689,0.172146509992942,0.0158198336473462,133000,0.2,5666.83925687537,2277.37560156064,0.143455424994118,326.701884793117
"BKINGCRABSMI",0.892704129182983,0.446704602657923,0.110489137723634,8966.42686018702,0.2,8004.36628210616,3216.77528698325,0.372253835548269,1197.4569386764
"BLACKGROUPERGMSATL",3.35793890695208,0.0678455293139303,0.0103873670267595,7877.58941110457,0.2,26452.4639765417,10630.6519967455,0.0565379410949419,601.035176392823
"BLACKOREOWECR",0.993496387002434,0.0357803568197086,0.00613889409438453,228000,0.2,226517.176236555,91032.1728059715,0.0298169640164239,2714.30302089253
"BLACKROCKCAL",0.980646285351818,0.125053638262666,0.0158687757586162,9410,0.2,9227.88154516061,3708.47863022465,0.104211365218888,386.465620940784
"BLACKROCKORECOAST",0.999819126474708,0.143285362450257,0.00240283890200986,11600,0.2,11597.9018671066,4660.93664283799,0.119404468708548,556.536663522272
"BLACKROCKWASH",1.00122497418111,0.116488466243667,0.0135890322926084,9040,0.2,9051.07376659724,3637.42354946198,0.0970737218697226,353.098241962852
"BLINGVb-VI-VII",3.19305710650275,0.0446497074640578,0.0125795189260401,226473.801808454,0.2,723143.78230118,290615.267449998,0.0372080895533815,10813.2388968595
"BLKMARLINIO",0.993482696902951,0.59132179347747,0.00887230260795559,59500,0.2,59112.2204657256,23755.8756372676,0.492768161231225,11706.139156214
"BLSHARNPAC",3.16431743441212,0.0410195666394015,0.0165338500334887,1592413.40254511,0.2,5038901.49246502,2025021.49742197,0.0341829721995012,69221.2535497674
"BLTILESATLC",1.08932991470664,0.342984836918599,0.067879415190986,883.698202926212,0.2,962.63888802002,386.862979046111,0.285820697432165,110.573446481645
"BLUEFISHATLC",1.7239268943711,0.162113823494036,0.0301937473708522,183000,0.2,315478.621669911,126783.782499803,0.135094852911696,17127.8364483994
"BLUEROCKCAL",1.0260398920963,0.0647308163822849,0.0118323333051651,13200,0.2,13543.7265756712,5442.91995228556,0.0539423469852374,293.603876679059
"BMACKECS",1.44594579573412,0.529267619325791,0.103114555689364,238000,0.2,344135.099384719,138300.178186375,0.441056349438159,60998.1717175292
"BMACKPJPN",1.43500877566058,0.455916077814745,0.132640103029988,853000,0.2,1224062.48563847,491923.259724824,0.37993006484562,186896.435966321
"BMARLINATL",1.05549422662041,0.141237519725222,0.00572615334422918,63400,0.2,66918.3339677341,26892.9775783396,0.117697933104351,3165.24787599224
"BMARLINIO",1.03215850446799,0.11669206766973,0.0043509050968121,194000,0.2,200238.74986679,80471.4626200772,0.0972433897247747,7825.3178012868
"BMARLINPAC",1.07844722346099,0.396779081145804,0.0249467540636268,131985.826745595,0.2,142339.748389991,57203.1524844035,0.33064923428817,18914.1785678374
"BNKROCKCAL",1.34770115220194,0.10279153961202,0.0265441211401713,12100,0.2,16307.1839416435,6553.4914888935,0.08565961634335,561.369566648027
"BNOSESHARATL",0.807907305611702,0.192178277201861,0.0730816391294758,928,0.2,749.73797960766,301.302878893253,0.160148564334884,48.2532234847219
"BOCACCBCW",1.05176065925944,0.0471540654658152,0.00741995549788395,43600,0.2,45856.7647437118,18428.8052757329,0.039295054554846,724.160908690559
"BOCACCSPCOAST",1.71819814665543,0.069948378411563,0.0437985656946934,60000,0.2,103091.888799326,41430.3179652641,0.0582903153429691,2414.98629895472
"BRMSOJ",1.87149920960653,0.977277405557886,0.0819469615785494,9480,0.2,17741.8125070699,7130.03653351252,0.814397837964905,5806.68633750338
"BRNROCKPCOAST",1.0018204753265,0.130840700037999,0.00418906261116928,3570,0.2,3576.49909691559,1437.3147733875,0.109033916698332,156.716059270816
"BRNSHRIMPGM",1.07134245602172,0.794838135768711,0.123717657949005,163100.160753267,0.2,174736.126798942,70222.5303815194,0.662365113140593,46512.9542811738
"BSBASSSATL",4.50398886931676,0.0915165426283556,0.0372330635640667,7880,0.2,35491.4322902161,14263.2106361787,0.0762637855236296,1087.76643683588
"BSQLOBSTERCSCH",1.02513792016086,0.178980444090978,0.062704911137366,65000,0.2,66633.9648104557,26778.6959918562,0.149150370075815,3994.0524173331
"BSQLOBSTERNCH",1.07457613892431,0.285445253789523,0.0394058295286937,24100,0.2,25897.284948076,10407.5379967512,0.237871044824603,2475.65193733896
"BUTTERGOMCHATT",0.855129661636951,0.499331486656026,0.118067020715523,135977.859058305,0.2,116278.700606645,46729.8018770276,0.416109572213355,19444.7178686648
"BWHITMEDGSA6",1.75897097402105,2.11203966614879,0.106250990466798,1103.76217836326,0.2,1941.48563396322,780.239532681977,1.76003305512399,1373.24736843477
"BWHITMEDGSA9",1.10655381268656,1.50209992048013,0.0601574039905122,463.513422333814,0.2,512.902544714877,206.124029351079,1.25174993373344,258.015740081083
"BWHITNEA",4.76991219613883,0.119530104762964,0.0612234085581285,11800000,0.2,56284963.9144382,22619664.6389686,0.0996084206358032,2253109.06999918
"CABEZNCAL",1.0300689088661,0.207239962337998,0.0418586424567227,787,0.2,810.66423127762,325.787772986441,0.172699968614998,56.2635381699085
"CABEZORECOAST",1.02086676442903,0.15835646305651,0.0251150988146059,756,0.2,771.775273908345,310.159173220625,0.131963719213759,40.929758046458
"CABEZSCAL",1.30091478976749,0.160313411722445,0.0340076884315122,1380,0.2,1795.26240987914,721.47569841465,0.133594509768704,96.3851922397385
"CALSCORPSCAL",1.13558296080464,0.239257624323849,0.0566671387892939,1920,0.2,2180.31928474491,876.221420373951,0.199381353603207,174.702212850283
"CAPENOR",0.906982377970185,0.372834290635282,0.191736906602066,7810000,0.2,7083532.37194715,2846712.79093812,0.310695242196068,884460.120043165
"CHAKESA",1.02817642475776,0.284803998396073,0.0226367399508042,635000,0.2,652892.02972118,262382.663693247,0.237336665330061,62273.0264413741
"CHERRCHVX",1.42637684219894,0.379249018260121,0.154867576211416,4250000,0.2,6062101.57934551,2436222.66402453,0.316040848550101,769945.877995299
"CHILISPCOAST",0.981754094744859,0.112834306526283,0.0205037183761601,54500,0.2,53505.5981635948,21502.6998792739,0.0940285887719023,2021.86852443388
"CHROCKCPCOAST",0.999367219550503,0.0736173793819563,0.000687475947023016,577,0.2,576.63488568064,231.736627797325,0.0613478161516302,14.2165360377091
"CHROCKNPCOAST",1.00139831788113,0.0701777686848735,0.00122092585191328,235,0.2,235.328604702066,94.5732882836878,0.0584814739040612,5.53078529078374
"CHROCKSPCOAST",0.979895867666542,0.10262077502586,0.00338873702241311,750,0.2,734.921900749907,295.348629095095,0.08551731252155,25.2574210171366
"CHSQUIDSA",0.870042417207769,0.29997597777233,0.0798569442140386,78200,0.2,68037.3170256475,27342.6717727815,0.249979981476942,6835.12058329001
"CHTRACCH",2.12103731380202,0.0958344575580806,0.0628919166450781,27111481.194169,0.2,57504463.2452741,23109754.0691206,0.0798620479650672,1845592.28792901
"CMACKPCOAST",0.332839601958945,0.141057462763464,0.032337412933206,1230000,0.2,409392.710409502,164525.748460609,0.11754788563622,19339.6538642612
"CMACKPJPN",4.87774301351109,0.13274002449913,0.0774893316403589,4740000,0.2,23120501.8840425,9291611.16096103,0.110616687082608,1027807.24428529
"CMACKTSST",2.42129356147748,0.320310993306195,0.0986336730348506,1370000,0.2,3317172.17922415,1333097.10134715,0.266925827755162,355838.047255096
"CMACKWA",1.09616242373245,1.32904137217801,0.209098721671852,632000,0.2,692774.65179891,278410.595019495,1.107534476815,308349.332694671
"COBGM",0.982257425136748,0.322961682796253,0.0272036169286378,8820,0.2,8663.51048970612,3481.67056074224,0.269134735663544,937.038486032904
"COD1f-XIV",1.32713761037384,0.140769048698634,0.0897118792171953,202000,0.2,268081.797295515,107736.061798931,0.117307540582195,12638.2524416439
"COD1IN",2.23364840164692,0.293545661230038,0.0849580629729856,97000,0.2,216663.894959751,87072.3600500544,0.244621384358365,21299.7612547943
"COD3M",2.00558083000929,0.330621026480895,0.115696999504847,104000,0.2,208580.406320967,83823.787262477,0.275517522067412,23094.9221568636
"COD3NO",0.672050537059931,0.678333587910132,0.187968878868647,166000,0.2,111560.389151949,44833.6183255966,0.56527798992511,25343.4576481628
"COD3Ps",0.715986471742895,1.01601905716851,0.311424838348153,148000,0.2,105965.997817948,42585.3579193787,0.846682547640423,36056.2793353588
"COD4VsW",0.972428930895301,0.41426736755463,0.159431353410579,315848.242740762,0.2,307139.969013559,123432.66501638,0.345222806295525,42611.7710054902
"CODBA2532",5.0167883403686,0.230300739566378,0.0457100411920489,991000,0.2,4971637.24530529,1997989.5050899,0.191917282971982,383448.717223388
"CODFAPL",1.34055163900422,0.336897564515532,0.110820413405681,166000,0.2,222531.572074701,89430.4478823868,0.28074797042961,25107.4167375911
"CODICE",1.37813610354054,0.572519813036749,0.0795817337201857,1471017.88379518,0.2,2027262.85461194,814711.473850608,0.477099844197291,388698.71723987
"CODIIIaW-IV-VIId",3.33864269969236,0.219351517120599,0.115768247223505,1210000,0.2,4039757.66662775,1623488.00259924,0.182792930933832,296762.130331029
"CODNEAR",1.64581706085592,0.308439727986489,0.0636311453877769,4360000,0.2,7175762.38533182,2883777.9647842,0.257033106655407,741226.40919289
"CODNEARNCW",1.14849638759424,0.61892762094595,0.159659600053001,148377.30383811,0.2,170410.797459042,68484.2775282286,0.515773017454958,35322.3424689572
"CODVIIek",5.00928417243703,0.230705982997602,0.0861800313383464,41400,0.2,207384.364738893,83343.1249754426,0.192254985831335,16023.1313112929
"COWCODSCAL",0.99083569503617,0.0725222105137424,0.00850363015700211,3100,0.2,3071.59065461213,1234.40339450397,0.0604351754281186,74.6013856959128
"CPANDMEDGSA15-16",0.743629911884589,0.243757889337629,0.0216687783705666,3290.42014307933,0.2,2446.85484106136,983.336082602463,0.203131574448024,199.74660667059
"CPRROCKPCOAST",0.998966925677616,0.106241174724735,0.00476695768784788,5580,0.2,5574.2354452811,2240.16020659766,0.0885343122706127,198.331043267118
"CRLOBSTERSA12",1.23983909030205,0.0183165685222253,0.00476843254627073,56600,0.2,70174.8925110962,28201.7154188755,0.0152638071018544,430.465544095109
"CROCKPCOAST",0.965961205868273,0.068231263975584,0.00665286384795864,72100,0.2,69645.8029431025,27989.0861879109,0.05685938664632,1591.4422734356
"CROCKWCVANISOGQCI",1.02997096946857,0.0867418833367245,0.0124913955452261,28300,0.2,29148.1784359605,11713.9991785464,0.0722849027806038,846.745291793297
"CSARDCSCH",0.984712107177295,0.462611883193151,0.178862690092587,3260000,0.2,3210161.46939798,1290091.89710246,0.385509902660959,497343.20167566
"CTRACSA",0.96834233758067,0.140351882167184,0.0127606814357421,1050000,0.2,1016759.4544597,408612.820883047,0.116959901805987,47791.3154071483
"CUSKVa-XIV",4.7747089479315,0.120781907777955,0.029746886475203,41400,0.2,197672.950444364,79440.3253779113,0.100651589814962,7995.79504470465
"DEEPCHAKESA",0.971385799941798,0.146354373327187,0.0132071593867554,2260000,0.2,2195331.90786846,882254.656904443,0.121961977772655,107601.522855201
"DEEPFLATHEADSE",0.980415771299776,0.141129237059048,0.0105373909555123,21100,0.2,20686.7727744253,8313.55001544226,0.117607697549206,977.737475776333
"DKROCKPCOAST",1.04339967316859,0.0468957576876719,0.00558225420249838,36500,0.2,38084.0880706535,15305.1408462953,0.0390797980730599,598.121813752961
"DSOLEGA",1.26132719113635,0.0353293298724413,0.0180180374241361,149000,0.2,187937.751479317,75527.9672547408,0.0294411082270344,2223.62705811473
"DSOLEPCOAST",1.00081871728669,0.0859359593083088,0.0086410389950357,854000,0.2,854699.184562835,343484.433096561,0.0716132994235906,24598.0535546863
"DUSROCKGA",1.51338150271142,0.0733017799420493,0.0267969125253355,94200,0.2,142560.537555416,57291.8826981321,0.0610848166183744,3499.66414833681
"ESOLEHS",1.11428372243069,0.431408749743342,0.0957393243366569,5510,0.2,6139.70331059312,2467.40905936259,0.359507291452785,887.051547837509
"ESOLEPCOAST",0.974914999687282,0.165955143958155,0.0232203669767555,72800,0.2,70973.8119772341,28522.7832341637,0.138295953298463,3944.58549809407
"EULAPCOASTCCDU",1.20566481765399,0.752376965723504,0.387378122898942,86.9,0.2,104.772272654132,42.1056265488891,0.626980804769587,26.3994196189502
"EULAPCOASTFRDU",0.616790649226529,0.728495862441669,0.252006464530178,129,0.2,79.5659937502222,31.9757883834162,0.607079885368057,19.4118579463576
"EULAPCOASTNSDU",0.654743808658034,1.37761288855537,0.275115886383364,98,0.2,64.1648932484873,25.7864315073975,1.14801074046281,29.603100328701
"FLSOLEBSAI",0.976702765304959,0.203560944889145,0.0241601317198571,963000,0.2,940564.762988676,377991.883274127,0.169634120740954,64120.320766424
"FLSOLEGA",1.12516061444303,0.103348691045269,0.0170527278497179,241000,0.2,271163.70808077,108974.61262248,0.0861239092043908,9385.31964308214
"FMEG8c9a",3.61434111742032,0.218765243945299,0.0817851265457652,8070,0.2,29167.732817582,11721.8576459547,0.182304369954415,2136.94587284112
"FSCADWA",0.62419265567598,1.28750845694792,0.0378399388719287,242000,0.2,151054.622673587,60705.4650019239,1.07292371412326,65132.3329774439
"GAGGM",0.789369843436877,0.14468137226732,0.0646319741827014,26097.1805124887,0.2,20600.3272952871,8278.80951617441,0.120567810222767,998.157934616553
"GAGSATLC",0.99174225037241,0.188223157320022,0.0253774087274551,8350,0.2,8281.04779060962,3327.96737984247,0.156852631100018,522.000439743325
"GHAL23KLMNO",1.04047294189246,0.150351070317259,0.0908011344100072,224000,0.2,233065.938983911,93663.9736785908,0.125292558597716,11735.3989106198
"GHAL4RST",0.424536749367368,0.0327625099421406,0.0843115469915529,446000,0.2,189343.390217846,76092.8619381133,0.0273020916184505,2077.49428814447
"GHALNEAR",1.14645135275241,0.160905720715059,0.0260853410094759,684000,0.2,784172.725282651,315141.430878123,0.134088100595883,42256.7158855161
"GOLDREDV-VI-XII-XIV",3.50556546160816,0.0809291461921842,0.0184961102162148,760000,0.2,2664229.75082221,1070694.18355445,0.0674409551601535,72208.6384233327
"GOPHERSPCOAST",4.99918045937417,0.0233169106498801,0.0515487652091812,3000,0.2,14997.5413781225,6027.17551525628,0.0194307588749001,117.112594133646
"GRAMBERGM",0.983148793718036,0.246812399533716,0.020141349434689,19300,0.2,18974.7717187581,7625.53518790111,0.20567699961143,1568.39719787888
"GRAMBERSATLC",0.831100198937727,0.0715381601490296,0.0249150510474457,14600,0.2,12134.0629044908,4876.40773875178,0.0596151334575247,290.707698138993
"GRNSTROCKPCOAST",0.992995353516563,0.0905482714061493,0.00446337495473904,33500,0.2,33265.3443428049,13368.5958167779,0.0754568928384577,1008.75270194727
"GRSHRIMPMEDGSA10",0.958782417261405,0.954222776980061,0.131974495289599,1455.19335815828,0.2,1395.21380551774,560.705136605315,0.795185647483383,445.864677098756
"GRSHRIMPMEDGSA11",1.26574186715787,1.09752635082361,0.189863386203472,161.780885301319,0.2,204.772839831745,82.2936116864975,0.914605292353007,75.2661727753138
"GRSHRIMPMEDGSA12-16",1.15877333183667,1.54891337673821,0.185947263208005,4524.0856305929,0.2,5242.38977967655,2106.79887622032,1.29076114728184,2719.37413456224
"GRSHRIMPMEDGSA18-19",0.952865873446203,1.3314753623704,0.127792344757058,2172.98601154462,0.2,2070.56421387685,832.113318976999,1.10956280197534,923.281985765116
"GRSHRIMPMEDGSA9",0.890483704430256,0.610015941803134,0.164370889415398,399.71973224682,0.2,355.943907905018,143.04587348292,0.508346618169279,72.7168860281126
"GRSPROCKNCAL",0.980271954729856,0.0690538005955707,0.00323813904480511,3160,0.2,3097.65937694635,1244.87982934122,0.0575448338296422,71.6364029173139
"GRSPROCKSCAL",0.983613310840649,0.0577286146530262,0.00220354103084937,4330,0.2,4259.04563594001,1711.61491927887,0.0481071788775218,82.3409650911839
"GSTRGZRSTA7",0.931070133350004,0.193374705360251,0.030630939260408,9725.95133961269,0.2,9055.54281072883,3639.21955806682,0.161145587800209,586.444174818696
"GTRIGGM",1.01174815767806,0.187554641572456,0.0227532782909725,31500,0.2,31870.0669668589,12807.8651326433,0.156295534643713,2001.81212855105
"HAD3LNO",0.603703852845217,0.645556521985964,0.211215847198978,25800,0.2,15575.5594034066,6259.4679958392,0.537963768321636,3367.36699073034
"HAD4X5Y",0.38457009211944,0.68776856203364,0.151348914650252,232000,0.2,89220.26137171,35855.6220147369,0.573140468361367,20550.3079949144
"HAD5Y",3.69939963144445,0.102201973350944,0.103692337440385,28059.1916446243,0.2,103802.163228752,41715.7613284274,0.0851683111257868,3552.86093966857
"HADFAPL",1.31676322053029,0.269868113141874,0.100235107607462,149000,0.2,196197.719859014,78847.4632921063,0.224890094284895,17732.0134538866
"HADGB",5.00127579545046,0.105935003713045,0.111054492674785,344233.286713568,0.2,1721605.60482892,691874.680438579,0.0882791697608706,61078.1223676854
"HADICE",4.11844882381563,0.22517592413347,0.0751011718285068,298000,0.2,1227297.74949706,493223.439709144,0.187646603444558,92551.7032006629
"HADIS",0.56921117941016,0.803403950268456,0.225070983171972,36900,0.2,21003.8925202349,8440.99332892671,0.66950329189038,5651.27282054117
"HADNEAR",1.669612845237,0.243441592452752,0.0728714516656766,1440000,0.2,2404242.49714128,966211.137289931,0.202867993710627,196013.314922871
"HADNS-IIIa-VIa",0.795447082358185,0.196464219341514,0.123572436587193,2670000,0.2,2123843.70989635,853525.153475579,0.163720182784595,139739.294138271
"HADVIIb-k",1.08154092859543,0.367858379946402,0.117966723043574,136000,0.2,147089.566288979,59111.9977691691,0.306548649955335,18120.7031123015
"HAKEMEDGSA1-7",1.07715443337684,0.864479016449196,0.13627425702115,25134.849274752,0.2,27074.1143285578,10880.4793308569,0.72039918037433,7838.28839202912
"HAKEMEDGSA17-18",1.69502697626957,1.91867009169541,0.187610882425542,6916.07201510429,0.2,11722.9286354248,4711.18209692676,1.59889174307951,7532.67015492021
"HAKEMEDGSA19",1.32745956878595,1.05773779566989,0.167160570375866,2354.76183154117,0.2,3125.85112549127,1256.20946079735,0.881448163058241,1107.28352163621
"HAKEMEDGSA7",3.91892902692956,0.47883558507554,0.164730237104425,3967.9630354457,0.2,15550.1655173917,6249.26276258346,0.399029654229617,2493.6411593437
"HAKEMEDGSA9-11",1.70267702504417,0.749561846636139,0.0692730609482305,7936.81752660838,0.2,13513.836854524,5430.90794372266,0.624634872196782,3392.33448933969
"HAKENRTN",2.42529056605425,0.379123030340811,0.0494860688905469,391000,0.2,948288.611327213,381095.924691042,0.315935858617342,120401.868182834
"HAKESOTH",1.92504569308603,0.486475428796021,0.0655637530617699,54700,0.2,105299.999411806,42317.7080969514,0.405396190663351,17155.4376601077
"HERR2224IIIa",4.04078169349925,0.182429545001202,0.039229149698521,591000,0.2,2388101.98085805,959724.625794936,0.152024620834335,145901.772341849
"HERR2529-32",2.31814243434626,0.0992828003042121,0.0450554561667997,2660000,0.2,6166258.87536104,2478081.14525505,0.0827356669201767,205025.696234992
"HERR30-31",1.90785741456972,0.14094665996544,0.0568022192918264,845499.866095428,0.2,1613093.18854787,648265.974049909,0.1174555499712,76142.4365096475
"HERR4RFA",0.746247664039969,0.294270620555029,0.0737981477303786,130693.179454586,0.2,97529.4798739413,39194.9105717678,0.245225517129191,9611.59221379415
"HERR4RSP",0.855154340524597,0.172499200518545,0.0799178501803065,235000,0.2,200961.27002328,80761.8272663003,0.143749333765454,11609.4588632114
"HERR4TFA",1.04756003805251,0.40196719399819,0.109102286512581,464469.028553132,0.2,486559.19322533,195537.227215684,0.334972661665158,65499.6254550623
"HERR4TSP",1.08464099016391,0.284925718369792,0.112280138193953,173645.877401924,0.2,188343.436403105,75691.0029269164,0.237438098641493,17971.9278192347
"HERR4VWX",0.888986690096336,0.629544409776937,0.175557860646398,793600.57385528,0.2,705500.347410158,283524.766673964,0.524620341480781,148742.859910754
"HERRCC",0.698149265161156,0.408161799683762,0.12784911178695,141207.524339823,0.2,98583.9293530735,39618.6701682555,0.340134833069802,13475.6897641271
"HERRIsum",1.69883395069844,0.156723654576776,0.0885352232423833,984487.191047995,0.2,1672480.26418008,672132.30781414,0.130603045480647,87782.5263664622
"HERRNIRS",1.10252433451803,0.290325082962133,0.0960709879019693,64400,0.2,71002.5671429611,28534.339290349,0.241937569135111,6903.52868478351
"HERRNORSS",2.33314757011174,0.114459993891154,0.0642442670693529,1.1e+07,0.2,25664623.2712291,10314036.4869587,0.0953833282426282,983787.127742028
"HERRNS-IIIa-VIId",0.978621915855382,0.168642535904913,0.0415216403075292,9670000,0.2,9463273.92632155,3803077.54883679,0.140535446587427,534467.201732396
"HERRNWATLC",0.826292410488716,0.573418491347461,0.104426521409995,1352136.93905255,0.2,1117260.49068057,449001.933304626,0.477848742789551,214555.009339693
"HERRPRD",3.29195743229585,0.0831056961722468,0.103179773118354,179637.055459227,0.2,591357.539834744,237653.332302415,0.0692547468102056,16458.6213572054
"HERRPWS",0.961818393670724,0.162114020094852,0.134094631726905,105000,0.2,100990.931335426,40585.9902807621,0.13509501674571,5482.9650366208
"HERRQCI",0.656886540983104,0.28877324037439,0.118689220656925,135686.374832651,0.2,89130.553422357,35819.5704018603,0.240644366978658,8619.77784480316
"HERRRIGA",1.4634550564065,0.344564890131681,0.0967123364753017,178000,0.2,260495.000040357,104687.098138647,0.287137408443067,30059.582056956
"HERRSIRS",0.799378885288893,0.197651968849621,0.0825208896378649,360000,0.2,287776.398704001,115650.880394805,0.164709974041351,19048.8535076878
"HERRSOG",1.08410330954496,0.384794167859958,0.115865973058853,212783.035619666,0.2,230678.793130303,92704.6332988935,0.320661806549965,29726.8351891752
"HERRTOG",0.977475645031502,0.930367240873919,0.129268142488756,149000,0.2,145643.871109694,58531.0053006422,0.775306034061599,45379.4415892793
"HERRVIa",0.907270118674271,0.169334423724298,0.0907381513478003,1520000,0.2,1379050.58038489,554209.498932972,0.141112019770248,78205.6217702888
"HERRWCVANI",0.887264780311921,0.2158300110043,0.103889490945211,187022.623423976,0.2,165938.586885633,66686.9964014408,0.179858342503583,11994.2126393056
"HMACKIIa-IVa-Vb-VIa-VII-VIII",1.51537662818651,0.0807414276207602,0.0378764762540014,5220000,0.2,7910265.99913358,3178958.49373617,0.0672845230173002,213894.705942833
"HMACKWA",0.904122786867347,0.898572436095893,0.183368575286614,393000,0.2,355320.255238867,142795.241463665,0.748810363413244,106926.556654089
"HOKIENZ",0.990755775200752,0.459504621118837,0.0325394958313921,533454.854891405,0.2,528523.478292538,212401.7322099,0.382920517599031,81332.9812367456
"HOKIWNZ",1.07159773021325,0.314161056189558,0.0394400167136612,886780.564659147,0.2,950272.040285969,381893.020305254,0.261800880157965,99979.928842099
"JANCHOPJPN",2.01930703158327,0.246872475775571,0.0822727687905578,1490000,0.2,3008767.47705907,1209156.16844259,0.205727063146309,248756.147418939
"JANCHOSETO",1.11633240825882,0.521021893989244,0.154463382351746,424000,0.2,473324.941101741,190218.678104802,0.434184911657703,82590.0799485786
"JANCHOTSST",1.98884663503869,0.385603441883146,0.117707360286726,306000,0.2,608587.070321839,244577.494181552,0.321336201569288,78591.6029696345
"JCSQUIDJPNAR",0.846386119849201,0.669715964126328,0.187802688950742,2040000,0.2,1726627.68449237,693892.941620198,0.55809663677194,387259.316998021
"JCSQUIDJPNWR",0.959400923376155,0.701291155211072,0.190668291312671,1330000,0.2,1276003.22809029,512797.079190091,0.584409296009226,299683.380045068
"JMACKTSST",4.62039724052133,0.255627101239066,0.115488419798503,545000,0.2,2518116.49608412,1011974.54350089,0.213022584365888,215573.432569048
"JPUFFIMKB",1.556359123615,0.540046553733196,0.163695595136198,860,0.2,1338.4688463089,537.900610174295,0.450038794777663,242.076142313009
"JPUFFSOJECSSI",5.00095811963383,0.210083055841785,0.0484329360576854,1050,0.2,5251.00602561552,2110.26155221817,0.175069213201488,369.441829596186
"KCROCKNPAC",1.67428341595037,0.229210338201166,0.0765661982110957,6420,0.2,10748.8995304013,4319.74164512657,0.191008615167638,825.107869517603
"KELPGREENLINGORECOAST",0.808371621922698,0.163219593626113,0.0450831775519524,1800,0.2,1455.06891946086,584.759564469544,0.136016328021761,79.5368487347513
"KINGKLIPSA",1.97240708991834,0.080218069460221,0.00168009580914065,110000,0.2,216964.779891018,87193.2789556881,0.0668483912168508,5828.73042310985
"LINGCODNPCOAST",1.03315355508683,0.103351620272494,0.0203204755821776,44300,0.2,45768.7024903466,18393.4150311642,0.0861263502270784,1584.15770484606
"LINGCODSPCOAST",0.998730748505265,0.156246547278746,0.0236381094000804,32000,0.2,31959.3839521685,12843.7596258393,0.130205456065622,1672.32757967963
"LISQUIDATLC",0.643767501079332,1.19384178352024,0.241987288878497,176000,0.2,113303.080189962,45533.9667687285,0.99486815293353,45300.2934149416
"LNOSESKAPCOAST",1.00743430666667,0.058451308746807,0.00117275663144993,91000,0.2,91676.5219066669,36842.7380347652,0.0487094239556725,1794.58854662316
"LOBSTERGB",1.51839693531583,2.66618932614497,0.192435581508171,1827.77344445004,0.2,2775.2855965046,1115.32503717553,2.22182443845414,2478.05642441636
"LSTHORNHPCOAST",0.807932301135574,0.111357132864705,0.00794210385430558,103000,0.2,83217.0270169641,33443.0567680058,0.0927976107205874,3103.43576326391
"MACKNEICES",1.49253336715153,0.252283371182876,0.0654536205973188,5920000,0.2,8835797.53353704,3550908.8596069,0.210236142652397,746529.381553975
"MACKNWATLSA3-4",0.800004460413911,0.210426477254385,0.107684826061038,610000,0.2,488002.720852486,196117.348593624,0.175355397711987,34390.2356608554
"MEGSPPVIb",0.767609358319167,0.697538513336328,0.256656198524175,13764.8557674934,0.2,10566.0321030415,4246.2513274183,0.58128209444694,2468.26986514981
"MEGVII-VIIIabd",2.63915586462714,0.199172413558397,0.0618105399496711,129000,0.2,340451.106536901,136819.664085367,0.165977011298664,22708.9189317764
"MENATGM",1.09453808846913,1.2027573336686,0.196439382723226,2010000,0.2,2200021.55782295,884139.322041757,1.00229777805717,886170.877975423
"MENATLAN",1.71360125666043,0.246720998712991,0.0997786986113615,2290000,0.2,3924146.87775239,1577026.61946711,0.205600832260826,324237.985459914
"MHMACKMEDGSA29",1.00210026132647,0.411216007993146,0.145769428958093,153103.500510924,0.2,153425.057871994,61658.089744082,0.342680006660955,21128.9946042038
"MONKGOMNGB",0.934058228631401,0.366068667871517,0.0473147014768024,89100,0.2,83224.5881710578,33446.0954262546,0.305057223226264,10202.9729984939
"MONKSGBMATL",1.03399039156345,0.43819742432019,0.0268411349466208,147000,0.2,151996.587559827,61084.0195633306,0.365164520266825,22305.716699813
"MORWONGESE",1.3370428617212,0.0761229126223167,0.01778294429922,29519.2,0.2,39468.4356437203,15861.4790877863,0.0634357605185972,1006.18498888355
"MORWONGWSE",0.961366833929651,0.123044057702878,0.0103271444594614,3313.55,0.2,3185.53707256759,1280.19590429189,0.102536714752398,131.267082265566
"MULLQNSW",1.69137316788782,0.431911399737955,0.10752993938917,34200,0.2,57844.9623417633,23246.5930192915,0.359926166448296,8367.05710841729
"MUTSNAPSATLCGM",1.84287613958821,0.155928875320991,0.0192787621123446,5230,0.2,9638.24221004632,3873.39337787998,0.129940729434159,503.311560907168
"NEPHFU14",1.08228111169175,1.91540072135795,0.147078136537892,1170.08597548906,0.2,1266.36195032723,508.922465891538,1.59616726779829,812.325381903266
"NEPHFU17",1.11289714600093,1.02071619770236,0.212211605358459,2348.96063916405,0.2,2614.15159139419,1050.56889443246,0.85059683141863,893.610572791227
"NEPHFU7",4.11220696596418,0.621772236823019,0.229967025268361,12379.7222547137,0.2,50907.9800925355,20458.7754358505,0.518143530685849,10600.5821378405
"NEPHMEDGSA11",1.73484245703278,0.297804897553742,0.106491857672535,176,0.2,305.33227243777,122.70619230556,0.248170747961452,30.4520875239724
"NEPHMEDGSA17-18",1.13539496411111,0.476598519902066,0.0682935522731046,12500,0.2,14192.4370513889,5703.62214320861,0.397165433251722,2265.28155961156
"NEPHMEDGSA5",1.31417461897501,0.452878233104602,0.0919839234187825,121.830457916739,0.2,160.106495612282,64.3432097207281,0.377398527587168,24.2830326088351
"NEPHMEDGSA9",3.38946446024238,0.154653492824978,0.0687201138277311,973,0.2,3297.94891981583,1325.3717045299,0.128877910687482,170.811136164119
"NPOUTIIIa-IV",0.778324409320269,1.0183548336753,0.244969724255264,673000,0.2,523812.327472541,210508.426356956,0.848629028062753,178643.561258323
"NROCKBSAI",1.23503181983251,0.0701259077038784,0.0124628308792118,253000,0.2,312463.050417624,125571.892046692,0.0584382564198987,7338.20242655641
"NROCKGA",1.37585291002018,0.0488240665369635,0.0222385101507435,170000,0.2,233894.99470343,93997.1525782176,0.0406867221141362,3824.43602647
"NRSOLEEBSAI",1.0990328272755,0.184874818154379,0.0322654657149641,1700000,0.2,1868355.80636834,750850.295126167,0.154062348461982,115677.75981051
"NSHRIMPCSCH",1.30970156583271,0.165289917377713,0.0490840632364877,56600,0.2,74129.1086261317,29790.8261904143,0.137741597814761,4103.43599968949
"NZLINGESE",1.01387240860915,0.119986109287834,0.019026733997374,14300,0.2,14498.3754431108,5826.57192126045,0.0999884244065281,582.589746098149
"NZLINGLIN3-4",0.832386089822394,0.184277579132212,0.0278879285094526,150349.899836851,0.2,125149.165230385,50294.642662674,0.153564649276843,7723.47916099769
"NZLINGLIN5-6",0.975955409048734,0.150672364574455,0.015285757548892,358872.47466499,0.2,350243.532808002,140755.020579348,0.125560303812046,17673.2431470136
"NZLINGLIN6b",1.07056609277018,0.0717232898773511,0.0200976598629204,16800,0.2,17985.510358539,7227.97323436656,0.0597694082311259,432.011682928506
"NZLINGLIN72",1.04412748724553,0.10481820513654,0.0185418458769996,8529.77614343613,0.2,8906.17373141286,3579.19147513698,0.0873485042804497,312.637021886552
"NZLINGLIN7WC",1.43347165830155,0.0436150352463449,0.0226572852660481,76970.9688214358,0.2,110335.702317541,44341.4441541043,0.0363458627052874,1611.62804137924
"NZSNAPNZ1BOP-HAGU",0.916566575314293,0.0414082366367058,0.0077969112467744,366838.903385237,0.2,336232.277367857,135124.21126216,0.0345068638639215,4662.71276274312
"NZSNAPNZ1ENLD",0.975981383648167,0.0647539638387083,0.00567413895032786,84964.6234292259,0.2,82923.8907356014,33325.2518709818,0.0539616365322569,1798.28512880783
"NZSNAPNZ7",1.01450015772731,0.152439084799756,0.0140545698594568,16079.3282890677,0.2,16312.4810854083,6555.62029216833,0.127032570666463,832.777298027374
"NZSNAPNZ8",0.966259915275159,0.0630144309359129,0.00727637618993882,110000,0.2,106288.590680267,42715.0007556373,0.0525120257799274,2243.05122086965
"OFLOUNPAC",1.30221870922664,1.66337953714538,0.26282135633839,4750,0.2,6185.53886882654,2485.82934221746,1.38614961428781,3445.73138390006
"OROUGHYCASCADE",0.922545089182169,0.0615141072182092,0.00539479105126342,91200,0.2,84136.1121334139,33812.4164630811,0.0512617560151743,1733.28384301393
"OROUGHYCH",1.01532143987807,0.0379924326436612,0.0014312570592792,31200,0.2,31678.0289241959,12730.6893503231,0.0316603605363843,403.058214707936
"OROUGHYESCR",0.497071867558389,0.0520429336192056,0.0102601095186776,693914.37758131,0.2,344925.315589959,138617.748356304,0.043369111349338,6011.72856345907
"OROUGHYNWCR",0.399030275768943,0.108711000557666,0.0130567717696697,171335.819447322,0.2,68368.1792831627,27475.6378935035,0.0905925004647214,2489.08673863574
"OROUGHYSE",0.803482207915005,0.0543264962975799,0.00518967187623698,183000,0.2,147037.244048446,59090.9706341813,0.0452720802479832,2675.17116448187
"PACBTUNA",1.96974698577686,0.192482221874881,0.0455840253430584,209000,0.2,411677.120027363,165443.801451326,0.160401851562401,26537.4920823149
"PANCHCCH",0.772269455805588,0.334876763396792,0.130643979616916,870000,0.2,671874.426550861,270011.263242212,0.279063969497327,75350.4149293593
"PANCHCSCH",1.18425975654099,0.453913858855244,0.131345645586383,1860000,0.2,2202723.14716624,885225.030207626,0.378261549046037,334846.591180661
"PANCHNCHSP",1.16951268784067,0.369997878924083,0.0964825846401794,10900000,0.2,12747688.2974633,5123010.02180719,0.308331565770069,1579585.70147957
"PANCHPERUNC",3.35523022107398,0.344561920811202,0.19906541517565,18300000,0.2,61400713.0456539,24675569.4788668,0.287134934009335,7085218.01395717
"PANDAL4RST",0.702644387774382,0.57008833097718,0.138817567072252,334000,0.2,234683.225516644,94313.9248636203,0.47507360914765,44806.0566778403
"PANDALGOM",1.48470813986608,0.341802547519818,0.0953523298243519,30100,0.2,44689.715009969,17959.7941623139,0.284835456266515,5115.58616467538
"PANDALIIIaW-IVaE",2.08060108356801,0.414354827563355,0.104129652905166,46300,0.2,96331.8301691987,38713.6020162997,0.345295689636129,13367.6399065168
"PANDALSFA13-15",0.850105799978237,0.717528427573927,0.130543111255133,48400,0.2,41145.1207189467,16535.3012148545,0.597940356311606,9887.12390012981
"PANDALSFA2-3",0.854242621512962,1.36001112853411,0.166199864686703,98200,0.2,83886.6254325729,33712.1533534967,1.13334260711175,38207.4197730032
"PANDALSFA4",0.893321117034118,0.989690534399832,0.128809206169932,205000,0.2,183130.828991994,73596.1729166643,0.82474211199986,60697.8630863966
"PANDALSFA6",0.907808038716941,0.296172863823264,0.117222731795161,895000,0.2,812488.194651662,326520.782958648,0.24681071985272,80588.8294888975
"PANDALSMA14",0.588795258979857,0.937872262410644,0.270457353423517,881,0.2,518.728623161254,208.465399611487,0.781560218675537,162.928263306637
"PANDALSMA16",0.675024296265731,0.738775394194283,0.235874153307384,332,0.2,224.108066360223,90.0640055781502,0.615646161828569,55.447559353095
"PANDALSMA18-19",0.533408521647408,1.14664222584138,0.235917352271328,785,0.2,418.725689493215,168.276463434452,0.955535188201153,160.794082157663
"PANDALSMAFR",0.719971803790212,0.87067238318989,0.213837348395072,630,0.2,453.582236387834,182.284527869339,0.725560319324908,132.258420248868
"PANDALSMAGTSE",0.742239234148055,0.829702290381107,0.209369988846063,614,0.2,455.734889766906,183.149630982714,0.691418575317589,126.63305692401
"PANDALSMAPRD",0.636706687380463,1.09164137181158,0.191148690917106,2080,0.2,1324.34990975136,532.226526231097,0.909701143176316,484.167079341188
"PAUANPAU5A",0.960714445757112,0.171460013725249,0.0139376336069339,1175.44690204227,0.2,1129.26881901245,453.827811138621,0.142883344771041,64.8444356056066
"PAUAPAU5B",0.966165907751916,0.144410865621228,0.0079456387931209,3442.22752578958,0.2,3325.76288214312,1336.54951217815,0.12034238801769,160.843559999396
"PAUAPAU5D",0.931207025885375,0.164250001867672,0.0183696859485281,2290.21774380048,0.2,2132.66685383436,857.070977138937,0.136875001556393,117.311591329831
"PAUAPAU7",0.948964513617647,0.181510952113002,0.0113819049584888,3939.02137224836,0.2,3737.99150064518,1502.21494849745,0.151259126760835,227.223721316797
"PAUASPAU5A",0.963986797019047,0.128169697201296,0.0088836556267759,1269.75640703196,0.2,1224.02841180915,491.909566217027,0.10680808100108,52.5399167937144
"PCEELARGS",0.943566714042673,0.0962579045590908,0.0186992423776481,439000,0.2,414225.787464733,166468.053732934,0.0802149204659089,13353.2216903019
"PCOD5AB",2.32807963919822,0.14154737098504,0.135669741788818,11900,0.2,27704.1477064588,11133.6756150571,0.117956142487534,1313.28542725965
"PCODAI",1.10927649148998,0.397245825047409,0.0579070843779745,172000,0.2,190795.556536277,76676.4550123284,0.331038187539507,25382.8346942358
"PCODBS",1.18451625947048,0.244419803380895,0.0563998112957438,2160000,0.2,2558555.12045625,1028225.91967924,0.203683169484079,209432.31426595
"PCODGA",0.862676013386305,0.139345620762933,0.0297003857736664,1410000,0.2,1216373.17887469,488833.099792105,0.116121350635777,56763.9597833329
"PCODHS",2.25315065635916,0.128234200252361,0.0907558884859109,42200,0.2,95082.9576983567,38211.7081799594,0.106861833543634,4083.37319894476
"PCODNPAC",1.42626910750175,0.436184433243869,0.133449507998084,279000,0.2,397929.080992989,159918.772904204,0.363487027703224,58128.3994368961
"PCODWCVANI",1.9954988914746,0.140083378383289,0.127675364359132,20400,0.2,40708.1773860819,16359.703489134,0.116736148652741,1909.76877842232
"PERCHEBSAI",1.08792107051507,0.0425706523218123,0.0113865433261695,1130000,0.2,1229350.80968203,494048.518551486,0.0354755436015103,17526.6397611348
"PERCHQCI",1.01897743258284,0.0395256115425238,0.014585747493925,66500,0.2,67761.9992667585,27232.0277403061,0.0329380096187698,896.96879164881
"PERCHWCVANI",1.08899182171501,0.0669461022772002,0.00798388803736601,39200,0.2,42688.4794112283,17155.5424588591,0.0557884185643335,957.080583393029
"PGEODWA",1.03716405376374,0.202746552521681,0.0515117676528677,83400,0.2,86499.4820838957,34762.2018405574,0.168955460434734,5873.26381769653
"PHAKEPCOAST",1.16271971292392,0.300303521727596,0.0629127775600205,2268024.31924708,0.2,2637076.58537942,1059781.93535374,0.250252934772997,265213.53954168
"PHALNPAC",1.49532226751015,0.0721997527489157,0.0267647159588496,367000,0.2,548783.272176225,220543.68898543,0.0601664606240964,13269.3331792348
"PHFLOUNSOJ",3.37411173661179,0.23671821484322,0.0707141128622459,13700,0.2,46225.3307915816,18576.9237041786,0.197265179036016,3664.5801804432
"PILCHPJPN",1.66045554471079,0.199608489068124,0.0811892053921446,19500000,0.2,32378883.1218603,13012346.933618,0.16634040755677,2164479.09220811
"PILCHTSST",1.69581394094847,0.201911527263461,0.0590888483775278,10200000,0.2,17297302.1976744,6951397.80963636,0.168259606052884,1169639.4569663
"PINKSHRIMPGM",0.714629081537737,0.367470236285067,0.113189076804537,132337.685660972,0.2,94572.3587567302,38006.5099170244,0.306225196904223,11638.5509829831
"PLAIC2123",3.81832254993139,0.356927051169141,0.0610852329231458,17800,0.2,67966.1413887787,27314.0678806499,0.297439209307617,8124.27475339508
"PLAIC7d",1.15542254901578,0.44705341988759,0.083848945288039,85192.3727703495,0.2,98433.1885030197,39558.0908014322,0.372544516572991,14737.1498141701
"PLAICCELT",1.8520594306788,0.316084526274155,0.0328598645221294,5790,0.2,10723.4241036303,4309.50364246972,0.263403771895129,1135.13951442232
"PLAICECHW",2.39752486211843,0.243515639099364,0.0958532282763258,9850,0.2,23615.6198918665,9490.58798380695,0.20292969924947,1925.92216525458
"PLAICIS",0.875927928962361,0.517378254988525,0.088227294950342,26800,0.2,23474.8684961913,9434.02315465506,0.43114854582377,4067.46536439731
"PLAICNS",1.92081445512152,0.298190426181581,0.0575503068957949,1030000,0.2,1978438.88877517,795090.21700391,0.248492021817984,197573.575551001
"POLL5YZ",0.721943117906665,0.0677166538942084,0.0484851973678572,642839.950645909,0.2,464093.878284274,186508.920992587,0.0564305449118403,10524.8000425311
"POLLFAPL",3.04899602741546,0.166439267412439,0.0652049840329835,272000,0.2,829326.919457005,333287.888799272,0.138699389510366,46226.8267076577
"POLLIEG",5.02804156569172,0.179802025281612,0.0523289392837099,342838.985491696,0.2,1723808.66939183,692760.042676114,0.14983502106801,103799.715589451
"POLLNEAR",1.64387164047513,0.294252559277078,0.048480316808425,1070000,0.2,1758942.65530838,706879.60363152,0.245210466064232,173334.277057785
"POPERCHPCOAST",1.30003087958574,0.0213545322854955,0.00425473853050758,119000,0.2,154703.674670703,62171.9371586867,0.0177954435712463,1106.37719942248
"PSHRMPMEDGSA6",0.74328520131407,0.556570865923607,0.0487867070918142,1181.2465249589,0.2,878.003061105622,352.849738420148,0.463809054936339,163.654903711183
"PSOLEPCOAST",0.981068457911022,0.161318185142621,0.00793909409890299,53300,0.2,52290.9488066575,21014.5595448566,0.134431820952184,2825.02550612318
"PTOOTHFISHCH",1.20296258156168,0.0469401353750269,0.00608075854303718,297000,0.2,357279.886723819,143582.773406885,0.0391167794791891,5616.49568436747
"PTOOTHFISHMI",0.855066289855324,0.0573748681798795,0.00897080609824182,9730,0.2,8319.79500029231,3343.53901439216,0.0478123901498996,159.862591837529
"RBRMSETOE",5.32588553985565,0.271223285022191,0.0330044339167514,5050,0.2,26895.721976271,10808.7874454536,0.226019404185159,2442.99569838544
"RBRMSETOW",3.00942539395851,0.238794845319935,0.0239913467480734,12000,0.2,36113.1047275021,14513.0468458647,0.198995704433279,2888.03398056603
"RDSHRMPMEDGSA1",1.21291009478043,0.324979953462637,0.115731586947528,1513.87282388987,0.2,1836.19163030979,737.924234145844,0.270816627885531,199.84215272639
"REDDEEP2J3K-3LNO",0.291640656172354,0.544492409632773,0.102875473349571,1620000,0.2,472457.862999214,189870.21886221,0.453743674693977,86152.4108214889
"REDDEEPI-II",1.00915808330612,0.215623537249321,0.0402165194772326,1240000,0.2,1251356.02329959,502891.920371814,0.179686281041101,90362.7789372287
"REDDEEPUT12",0.263121734545933,0.358083241072453,0.180533907145479,443000,0.2,116562.928403848,46844.0266540671,0.298402700893711,13978.3840743106
"REDFEAUS",1.5052318485189,0.0724789694158058,0.0163897072040153,23600,0.2,35523.4716250461,14276.0865262692,0.0603991411798381,862.263365595718
"REDFISHSPP3LN",1.19803815941053,0.228439345286711,0.00686994686324682,262000,0.2,313885.99776556,126143.742671987,0.190366121072259,24013.4949900034
"REDFISHSPP3M",0.569168135046432,0.311441960356976,0.139373512891001,485000,0.2,276046.545497519,110936.915468075,0.259534966964146,28792.008691111
"REXSOLEGA",1.96760454725888,0.0815479114982747,0.0385353282491971,49700,0.2,97789.9459987663,39299.586065605,0.0679565929152289,2670.66597199732
"REYEROCKGA",1.09068596209642,0.0847431616513017,0.00493094574576026,47400,0.2,51698.5146033703,20776.47352566,0.0706193013760847,1467.22004544083
"RGROUPGM",2.27481248160176,0.200064358810675,0.0189951068999638,46400,0.2,105551.299146322,42418.6998241069,0.166720299008896,7072.05831824369
"RGROUPSATL",2.29417572593912,0.181868462512599,0.0279757131786075,3620,0.2,8304.91612789961,3337.55952928065,0.151557052093832,505.830683445454
"RHERRTSST",1.54595264679229,0.417830251885706,0.113559501594639,149000,0.2,230346.944372051,92571.2707256505,0.348191876571422,32232.5644705654
"RKCRABNS",0.445268872435646,0.129785545818261,0.0351058225849239,6706.93560055173,0.2,2986.38965235616,1200.16302258398,0.108154621515217,129.803177464129
"RKCRABPI",0.568227201337994,0.54923885931958,0.197061009408667,12800,0.2,7273.30817712632,2922.979430751,0.457699049432983,1337.84490696689
"RMULLMEDGSA1",1.41930868340787,0.470704738049674,0.065711734404427,821.805199878679,0.2,1166.39525625755,468.748093596303,0.392253948374728,183.868290506277
"RMULLMEDGSA11",1.86341920582351,1.01007373601124,0.198505877194136,432.303975993242,0.2,805.563531619674,323.73791619232,0.841728113342703,272.49930541406
"RMULLMEDGSA15-16",4.98891021523284,0.0975832785625344,0.135022330306006,5215.57661970688,0.2,26020.0434763852,10456.8718960524,0.081319398802112,850.346535937685
"RMULLMEDGSA17-18",1.78285231122547,0.779774648470485,0.160530619456547,12841.3447056121,0.2,22894.2210876434,9200.6739839102,0.649812207058738,5978.7102679126
"RMULLMEDGSA19",0.870855097256434,0.454016469754334,0.0801045479558031,3149.05846032787,0.2,2742.37361173502,1102.09844864608,0.378347058128611,416.975705813353
"RMULLMEDGSA29",1.36754450648305,0.331398852477286,0.0842510170354836,18694.3140946281,0.2,25565.3065425773,10274.1233211875,0.276165710397738,2837.36056570972
"RMULLMEDGSA5",0.998678436358225,0.729506279501628,0.0981178392339968,96.4275367684973,0.2,96.3001016418382,38.7008510327603,0.60792189958469,23.5270948753798
"RMULLMEDGSA6",1.23733654404768,0.713294486096068,0.204775815552244,4450.47289596863,0.2,5506.73275247567,2213.03238830845,0.594412071746724,1315.45316677702
"RMULLMEDGSA9",1.43827630209637,0.316216108130808,0.0394002520681158,5323.94059104978,0.2,7657.29758587584,3077.29616201929,0.26351342344234,810.908846599678
"RPORGYSATLC",1.59396339218281,0.083837892848161,0.0164228710987269,7260,0.2,11572.1742272472,4650.59728139758,0.0698649107068008,324.913563798133
"RROCKLOBSTERCRA1",0.896312180505923,0.292984258270332,0.0201020157613561,3050,0.2,2733.75215054306,1098.63367675503,0.24415354855861,268.235310745733
"RROCKLOBSTERCRA2",0.875633294087015,0.545621573896092,0.0482279630842499,2450,0.2,2145.30157051319,862.14858640094,0.45468464491341,392.00572387031
"RROCKLOBSTERCRA3",0.938496384516901,0.216026768846769,0.0429418026228361,5850,0.2,5490.20384942387,2206.38979288189,0.180022307372308,397.199381477306
"RROCKLOBSTERCRA4",0.979909934436059,0.876917567026839,0.0857646998523974,2500,0.2,2449.77483609015,984.509563114932,0.730764639189032,719.444775667835
"RROCKLOBSTERCRA5",1.02889025039348,0.222854175479927,0.0221538584007609,7750,0.2,7973.89944054946,3204.53134667143,0.185711812899939,595.119325885034
"RROCKLOBSTERCRA7",1.17963433071299,0.246705415431469,0.0306614349736649,4000,0.2,4718.53732285196,1896.2743227768,0.205587846192891,389.850953810564
"RROCKLOBSTERCRA8",0.987366997153536,0.26608563750188,0.0255049717279895,21300,0.2,21030.9170393703,8451.85387706176,0.221738031251567,1874.0974391256
"RROCKLOBSTERSAUSNZ",1.55577947766081,0.254136692276495,0.0420602344576598,5470,0.2,8510.11374280461,3420.02384854224,0.211780576897079,724.294623646042
"RROCKLOBSTERSAUSSZ",1.85257369374882,0.529219579080155,0.0783635527053095,5120,0.2,9485.17731199395,3811.88002828975,0.441016315900129,1681.10128672963
"RSHRMPMEDGSA1",0.96728900174863,0.385913219868309,0.135463147357038,1450,0.2,1402.56905253551,563.6610454184,0.321594349890258,181.270207459793
"RSHRMPMEDGSA17-19",1.12053194650897,0.554779655469072,0.0810399800498903,16619.1121026468,0.2,18622.2460336296,7483.86302148825,0.46231637955756,3459.91245719915
"RSHRMPMEDGSA5",0.0852974869591882,0.079614500279935,0.0697119668063758,164.955735800408,0.2,14.0703097232786,5.65454190911081,0.0663454168999458,0.375152940338172
"RSHRMPMEDGSA9-11",1.20408745243854,0.710123326310615,0.0830150937371082,5690,0.2,6851.25760437528,2753.36677130565,0.591769438592179,1629.35830849391
"RSNAPGM",0.866364811405418,0.0707799761104144,0.0131346952522973,201000,0.2,174139.327092489,69982.6899645098,0.0589833134253453,4127.81093652545
"RSOLE5AB",1.03983157581401,0.163603937825922,0.0195879193454806,8615.36075043523,0.2,8958.52414533124,3600.22993237656,0.136336614854935,490.843161679631
"RSOLEGA",0.985699000805034,0.0563947335684121,0.0287400655038136,236000,0.2,232624.964189988,93486.7557990886,0.0469956113070101,4393.46723788734
"RSOLEHSTR",1.41083049395679,0.0877891479078567,0.0284946926883829,24717.9288415426,0.2,34872.8077571022,14014.5993108211,0.0731576232565473,1025.27477647251
"RSQLOBSTERNCH",1.1459028947873,0.291581751703362,0.0793117212130141,13900,0.2,15928.0502375435,6401.12615642018,0.242984793086135,1555.37631463601
"SAABALONESA",1.00302761275125,0.0813033587152079,0.00701265070401917,31400,0.2,31495.0670403893,12657.1610726873,0.0677527989293399,857.558089174053
"SABLEFEBSAIGA",2.01109766000534,0.0349508126714999,0.0307999158832459,691000,0.2,1389668.48306369,558476.595881435,0.0291256772262499,16266.0090700575
"SABLEFPCAN",0.87404823576512,0.0761618464811696,0.00926652838733349,127000,0.2,111004.12594217,44610.0686174488,0.0634682054009747,2831.32099796382
"SABLEFPCOAST",1.69656632447066,0.0123873842227155,0.0200678903898061,415000,0.2,704075.024655325,282951.961425912,0.0103228201855963,2920.86221896145
"SAILEATL",1.07697083960789,0.182252235462489,0.0105814006667616,27400,0.2,29509.0010052562,11859.0056766237,0.151876862885407,1801.10857910584
"SAILWATL",1.120440789532,0.0433611149740114,0.0094411699904143,40900,0.2,45826.0282918586,18416.4529850898,0.0361342624783428,665.464946083294
"SARDINWA",1.38232806400032,0.651097182295487,0.131220229061086,1180000,0.2,1631147.11552038,655521.442386986,0.542580985246239,355673.470060366
"SARDMEDGSA16",0.77064328362659,0.308079092533237,0.119104137921971,29400,0.2,22656.9125386218,9105.30500041062,0.25673257711103,2337.62841813737
"SARDMEDGSA17-18",1.9303158665488,0.0350060864538755,0.0435483706150981,1710000,0.2,3300840.13179845,1326533.61778165,0.0291717387115629,38697.2920900307
"SARDMEDGSA22",5.00124365021579,0.712950634711903,0.158690406345385,14604.317916283,0.2,73039.7522445431,29353.0382927208,0.594125528926586,17439.3894012651
"SARDMEDGSA7",0.489661147760631,0.787027712721588,0.217561156980107,231000,0.2,113111.725132706,45457.0654629251,0.65585642726799,29813.3085486012
"SARDPCOAST",1.48227022706418,0.0619966232381205,0.128935801242669,977000,0.2,1448178.01184171,581990.263246572,0.0516638526984338,30067.8592322936
"SARDPVIIIc-IXa",1.5080004446167,0.262970722751498,0.117952456546657,1019355.45088239,0.2,1537188.4731531,617761.571322458,0.219142268959582,135377.67241564
"SARDSA",0.669631439475843,0.237697440976848,0.117156846476622,4160000,0.2,2785666.78821951,1119497.00529655,0.19808120081404,221751.311116862
"SARDWAZAB",0.978567995060651,1.76590296804706,0.328041885955022,1370000,0.2,1340638.15323309,538772.405973947,1.47158580670588,792849.825676041
"SARDWAZC",0.748035921044377,0.840183820759573,0.253061394241666,6290000,0.2,4705145.94336913,1890892.62770429,0.700153183966311,1323914.49382558
"SARDWSE",2.43293217741452,0.0605355259702565,0.0999420193778452,480911,0.2,1170023.8463726,470206.34258158,0.0504462716418804,23720.1568856055
"SAURNWPAC",0.729557238767707,0.789083232352419,0.165978384437311,5020000,0.2,3662377.33861389,1471827.31265026,0.657569360293682,967828.544442199
"SBARSHARATL",0.716098133518993,0.354751370702901,0.0741336612211297,49700,0.2,35590.0772358939,14302.8538274394,0.295626142252417,4228.29750020612
"SBELLYROCKPCOAST",0.179661147080135,0.0414129925228225,0.0221312508401727,381000,0.2,68450.8970375315,27508.8803037919,0.0345108271023521,949.354211943461
"SBREAMCH",1.01995359370923,0.371315964334809,0.0694058584234132,15600,0.2,15911.2760618639,6394.38499142552,0.309429970279007,1978.61435784933
"SBWHITACIR",1.47261833451766,0.224806879694281,0.100422468462675,195569.518880269,0.2,287999.259175882,115740.443020143,0.187339066411901,21682.7065414934
"SBWHITCH",0.173118336428902,0.0163277785986672,0.00711314486477268,1380000,0.2,238903.304271885,96009.8798674951,0.013606482165556,1306.35671813424
"SCALL5ZMAB",2.87167544241853,0.242767681464049,0.0514223771967026,126000,0.2,361831.105744734,145411.806256725,0.202306401220041,29417.7392187039
"SCALLGB",0.989731360475913,0.764770247211817,0.182342927876628,31600,0.2,31275.5109910388,12568.9264206528,0.637308539343181,8010.28413825817
"SCALLNBB",0.668019197484349,0.438492535619389,0.124607739465684,22700,0.2,15164.0357828947,6094.08588240047,0.365410446349491,2226.84264238009
"SCMPBP",0.839032009498361,0.0468714005144258,0.0571030771865251,7506.01748226236,0.2,6297.78893147241,2530.94012485228,0.0390595004286881,98.8572568916515
"SCMPMB",0.989200213624952,0.023630166155822,0.0735353100908891,13334.8811991758,0.2,13190.8673308881,5301.11373572855,0.0196918051298517,104.388498655147
"SCMPWHB",1.10540662665808,0.0808656131558155,0.0549456640673026,3514.87780422622,0.2,3885.36921668506,1561.44274718889,0.0673880109631796,105.222520965942
"SCUPNWATLC",1.01668056820024,0.309360789868905,0.0362583039754345,535028.515677465,0.2,543953.095322294,218602.549238962,0.257800658224087,56355.8810832679
"SDOGATLC",0.732210469807258,0.182530750268929,0.104712469332679,741035.904100861,0.2,542594.247485737,218056.458769667,0.152108958557441,33168.3408501775
"SEELNSSA1",0.672207458169677,1.065255262332,0.224736543455726,1483765.68140117,0.2,997398.357214079,400832.030130401,0.887712718610004,355823.691173025
"SEELNSSA2",0.81593875637887,1.30880846045239,0.296887917614079,445435.0603815,0.2,363447.729215228,146061.490971912,1.09067371704366,159305.429275273
"SEELNSSA3",1.02102939792615,1.21675007582765,0.314218403576023,515868.397409423,0.2,526716.799216071,211675.668409237,1.01395839652304,214630.321323173
"SEELNSSA4",0.535253722455839,0.743567181896169,0.22294048376139,569735.482710155,0.2,304953.037935785,122553.786464677,0.619639318246807,75939.1446935372
"SFLOUNMATLC",1.21654923150546,0.350303879768885,0.0547467092024526,135695.981563887,0.2,165080.842089926,66342.2880055323,0.291919899807404,19366.634067569
"SHAKE4VWX",0.976675730642449,0.410073077191988,0.10186360225378,146000,0.2,142594.656673798,57305.5944065866,0.341727564326656,19582.9011988541
"SHCROCKPCOAST",0.938150630328182,0.310451828791298,0.101821367287245,12900,0.2,12102.1431312336,4863.57989777583,0.258709857326082,1258.25606144759
"SILVERFISHSE",1.46169175135277,0.105960955631223,0.0488193303341114,26017.9,0.2,38030.1498175211,15283.4642720876,0.0883007963593527,1349.54206635505
"SKJCIO",0.828280614944473,0.80656213452761,0.107488135907756,1810000,0.2,1499187.9130495,602489.998492757,0.672135112106342,404954.682679879
"SKJCWPAC",1.87411633078075,0.318758673976052,0.115665940471327,5100000,0.2,9557993.28698181,3841143.13552188,0.265632228313376,1020331.41035931
"SKJEATL",0.999220837418099,1.29211447086968,0.0146304628834782,768000,0.2,767401.6031371,308401.493030277,1.07676205905806,332075.026651863
"SKJWATL",1.01386216951861,1.73599458152148,0.0400958444859049,58300,0.2,59108.1644829348,23754.2456287515,1.4466621512679,34364.3680830357
"SMDOGATL",0.881401500554948,0.125056237688827,0.053517968901832,32937,0.2,29030.7212237783,11666.7957592988,0.104213531407356,1215.83798628489
"SMOOTHOREOCR",0.946004043905746,0.135124634001861,0.0130354592777048,110828.109506599,0.2,104843.839771672,42134.3877683222,0.112603861668218,4744.49477173921
"SMOOTHOREOWECR",0.368763225621165,0.0124162397975483,0.0130214837864819,262787.552552858,0.2,96906.3855324834,38944.5029306856,0.0103468664979569,402.953572653096
"SMSHRMPMEDGSA17-18",0.969121703314283,0.338387215340742,0.0381389227164995,72640.1393620357,0.2,70397.135587523,28291.0299268273,0.281989346117285,7977.76903005058
"SMULLMEDGSA15-16",1.07919498735794,0.917431836582373,0.188795181627669,6723.12724650908,0.2,7255.56522380217,2915.84893574869,0.76452653048531,2229.24387026723
"SMULLMEDGSA9",1.05172436605549,0.895700100246,0.0538821179078226,1580,0.2,1661.72449836768,667.809806764276,0.746416750205,498.46442572002
"SNAPSAUSSSG",1.40773681428751,0.164131621652652,0.0280827119343207,4310,0.2,6067.34566957919,2438.33014627507,0.13677635137721,333.505900860562
"SNOWCRAB3K",1.27234631900306,2.08148427416858,0.219196362132984,19400,0.2,24683.5185886593,9919.75251923359,1.73457022847382,17206.5073936907
"SNOWCRABESJ",0.74211253173081,1.27344761829546,0.156536220607176,4410,0.2,3272.71626493287,1315.23126645,1.06120634857955,1395.73176980706
"SNOWCRABNPAC",0.70853452255862,0.815711346664056,0.213836963022646,1780,0.2,1261.19145015434,506.844557835947,0.67975945555338,344.532380684757
"SNOWCRABSGSL",1.45582245298284,0.454363708910916,0.112033817658558,103000,0.2,149949.712657232,60261.4264472544,0.37863642409243,22817.1710206974
"SNOWCRABWSJ",0.894280282650515,0.675001243092662,0.149092726068605,33700,0.2,30137.2455253224,12111.4830589805,0.562501035910552,6812.72176708963
"SNOWGROUPSATLC",1.24321134964997,0.130525118674721,0.0283921278924368,2940,0.2,3655.04136797091,1468.87915057987,0.108770932228934,159.771354540218
"SNROCKPCOAST",0.981801041321558,0.0206887695659534,0.0145887109729453,87500,0.2,85907.5911156363,34524.3341353348,0.0172406413049611,595.221661119933
"SOLECS",1.39425318264062,0.614780268510256,0.0491766050066441,4500,0.2,6274.13932188278,2521.43587717126,0.512316890425213,1291.77418799895
"SOLEIIIa-2224",2.39390350863276,0.181757676973872,0.074556492547088,6200,0.2,14842.2017535231,5964.74800408432,0.15146473081156,903.448950797423
"SOLEIS",1.63197502652193,0.276431161456354,0.103988440573874,2340,0.2,3818.82156206131,1534.69873732531,0.230359301213628,353.532128703696
"SOLENS",1.63753888288365,0.26735863057812,0.0760320000219217,151000,0.2,247268.371315432,99371.6127007104,0.2227988588151,22139.8819083344
"SOLEVIId",1.02508516215251,0.674978977009655,0.0920186161101056,29400,0.2,30137.5037672839,12111.586840633,0.562482480841379,6812.55541304505
"SOLEVIIe",4.25211814599182,0.148485075378221,0.0559252616491538,6390,0.2,27171.0349528877,10919.4295560409,0.123737562815185,1351.14360059659
"SOLEVIIIab",4.09018616404392,0.222912323586287,0.0557192287207917,20500,0.2,83848.8163629003,33696.9587363765,0.185760269655239,6259.55614143076
"SOLMEDGSA17",1.86694974962458,1.19508433301133,0.153358284325224,2403.44290065179,0.2,4487.10712160883,1803.26771540993,0.995903610842771,1795.88082909294
"SOUTHHAKECH",0.955385954644928,0.0877848782865424,0.0336672683324641,940000,0.2,898062.797366232,360911.296523852,0.0731540652387853,26402.1285313205
"SOUTHHAKECR",1.24255891372935,0.0344712797261541,0.0231471338465774,68745.7258450354,0.2,85420.6144295432,34328.6291270991,0.0287260664384617,986.12648104636
"SOUTHHAKESA",0.973713093309626,0.0340414049881563,0.0325706982600508,106340.140330901,0.2,103544.786984581,41612.3275883252,0.0283678374901303,1180.45174661167
"SOUTHHAKEWCSI",0.962499514777414,0.21275296817612,0.0300968345293704,97357.2599753998,0.2,93706.3154863809,37658.4665502752,0.177294140146767,6676.62544627682
"SPANMACKGM",0.942640163245306,0.0860016920096373,0.0209327230192829,53700,0.2,50619.7767662729,20342.952982845,0.0716680766746977,1457.94031416431
"SPANMACKSATLC",1.31872564243882,0.249375530166319,0.0195833822549744,21800,0.2,28748.2190051664,11553.2644535937,0.207812941805266,2400.91787355552
"SPANMACKSETO",1.48359436914457,0.242345376404544,0.0295286580155305,16300,0.2,24182.5882170565,9718.43983774455,0.20195448033712,1962.68246711926
"SPHAKECH",1.51455900355663,0.0987743220746918,0.0543434771464976,1240000,0.2,1878053.16441022,754747.445831012,0.0823119350622431,62124.7227496362
"SPRAT22-32",1.1830154327011,0.204357013697158,0.116426417271876,3270000,0.2,3868460.46493259,1554647.49908878,0.170297511414298,264752.600221282
"SPRATNS",0.758861131595545,0.343118773960652,0.124672971203785,2329763.01955242,0.2,1767966.601367,710506.125163565,0.285932311633877,203156.658798047
"SPRBLKGSA29",0.712163771731818,0.452581806886694,0.147134283234315,3467593.08687968,0.2,2469494.17158341,992434.321784742,0.377151505738912,374298.098808091
"SPSDOGPCOAST",1.70462177437833,0.00404343889954142,0.00550728064762895,306000,0.2,521614.26295977,209625.073527428,0.00336953241628452,706.338480516695
"SPURDNEATL",1.08506831927338,0.0297696581197216,0.00283754853123861,1650000,0.2,1790362.72680108,719506.62567559,0.0248080484331013,17849.5552176973
"SRAKEROCKBSAI",1.00039297237457,0.38052624424904,0.0258813031682473,23100,0.2,23109.0776618525,9287.02002228513,0.317105203540866,2944.96237445483
"SRAKEROCKGA",1.54111630102864,0.105974428570776,0.0224058708853831,55500,0.2,85531.9547070895,34373.3742875071,0.0883120238089802,3035.58224847331
"SSANDWSJ",0.808832267846629,1.69026567767073,0.285495752123829,37600,0.2,30412.0932710332,12221.938203701,1.40855473139227,17215.268883607
"SSARDCH",1.06447955885506,0.362911641742785,0.0578748159441731,221000,0.2,235249.982506968,94541.6917868154,0.302426368118988,28591.9004829113
"SSHRIMPSMAGTSE",0.509094354706178,0.683483477140714,0.230709405454258,313,0.2,159.346533023034,64.0377978005377,0.569569564283928,36.4739805909545
"SSHRIMPSMAPRD",0.839035038852301,0.594534878132149,0.120929095946032,1220,0.2,1023.62274739981,411.371024385854,0.49544573177679,203.812018208617
"SSLOBSTERSASC",1.37083181189791,0.231068966006879,0.0462993463946696,3550,0.2,4866.45293223757,1955.71828874002,0.192557471672399,376.588168983249
"SSSHRIMPSMA14",0.661367647284848,0.89588916706097,0.292945192901835,235,0.2,155.421397111939,62.4603737107524,0.746574305884142,46.631310148369
"SSSHRIMPSMA16",0.637070517867878,1.05763834294099,0.295287266433179,93.1,0.2,59.3112652134995,23.8358672572256,0.881365285784154,21.0081059570778
"SSSHRIMPSMA18-19",0.825056763466442,0.899886645565983,0.20186397651167,49.6,0.2,40.9228154679355,16.4459617203316,0.749905537971652,12.3329177713465
"SSSHRIMPSMAFR",1.15582867536137,0.269734631046922,0.216515750842263,496,0.2,573.291022979241,230.392804373731,0.224778859205768,51.7874317363449
"SSTHORNHGA",0.944302147176516,0.10371505014362,0.0459260594204379,104000,0.2,98207.4233063577,39467.3608323518,0.086429208453017,3411.13275646977
"STFLOUNNPCOAST",0.532957002451674,0.142387232842564,0.130463011445412,26700,0.2,14229.9519654597,5718.69854578981,0.118656027368803,678.558051163169
"STFLOUNSPCOAST",0.635524236147191,0.198382427830075,0.117292473011328,9120,0.2,5795.98103366238,2329.27478526169,0.165318689858396,385.072655819659
"STMARLINIO",1.04934276720121,0.176015688751566,0.00558459888431713,56600,0.2,59392.8006235884,23868.6345098654,0.146679740626305,3501.04511901114
"STMARLINNEPAC",1.79873630571954,0.34925503830732,0.0940292538610252,9260,0.2,16656.2981909629,6693.79267576635,0.2910458652561,1948.20068116336
"STMARLINSWPO",1.1259051512573,0.188630494193382,0.0181693097952178,29100,0.2,32763.8399015874,13167.052429586,0.157192078494485,2069.75633905249
"STMARLINWCNPAC",1.46479611211887,0.434274474610346,0.09411821690942,28400,0.2,41600.209584176,16718.1912230646,0.361895395508622,6050.23642485972
"STRIPEDBASSGOMCHATT",0.986343514721578,0.263908729904166,0.0436907547754832,114657.073894776,0.2,113091.261253065,45448.841488661,0.219923941586805,9995.28836074025
"STRMULLIIIa-IV-VIId",0.900827757905139,0.961436210570659,0.195605098696168,9298.60623304023,0.2,8376.44260455238,3366.30441605275,0.801196842142216,2697.07246783086
"SURFMATLC",1.18530003316453,0.0166760464942776,0.0495017411851187,2500000,0.2,2963250.08291132,1190863.74859798,0.013896705411898,16549.0826999747
"SWHITSE",1.01377917507471,0.389359561280109,0.0250159795265944,13700,0.2,13888.7746985235,5581.58705412627,0.324466301066758,1811.03690553445
"SWORDEPAC",1.64851078299898,0.0964283020105175,0.0537290268673127,67100,0.2,110615.073539232,44453.7171823688,0.0803569183420979,3572.16372162632
"SWORDIO",0.947567638649651,0.981426396142665,0.0751094414787787,86914.7758792637,0.2,82357.6289436776,33097.6839569178,0.817855330118888,27069.1172387556
"SWORDMED",0.776411008345149,0.260990321022926,0.0449963773708162,188000,0.2,145965.269568888,58660.168133073,0.217491934185771,12758.1134269246
"SWORDNATL",1.1296251236745,0.302575286331635,0.00555218399876816,121000,0.2,136684.639964615,54930.4912409235,0.252146071943029,13850.5075962998
"SWORDNPAC",1.43579475209321,0.223300601409775,0.041715257329421,121000,0.2,173731.165003278,69818.6587751087,0.186083834508145,12992.123745088
"SWORDSATL",1.03730874681398,0.365612103989985,0.00666727979361808,115000,0.2,119290.505883608,47940.1788691198,0.304676753324988,14606.2580516626
"TANNERCRABBSAI",1.68445246379615,0.0268357747697208,0.0589467551245068,765000,0.2,1288606.13480406,517861.904740571,0.022363145641434,11581.0211978638
"TARAKNZ",1.00158479842524,0.132553480878791,0.0211936857685461,12817.8979443203,0.2,12838.2117287973,5159.38935860231,0.110461234065659,569.912515576441
"TASGIANTCRABTAS",1.98198409357394,0.0484449181352872,0.0396695048099915,2000,0.2,3963.96818714788,1593.02991060148,0.0403707651127393,64.3118363384606
"TIGERFLATSE",1.02983906560292,0.150706836095234,0.0184111451298774,48300,0.2,49741.2268686209,19989.8834830813,0.125589030079361,2510.51007803963
"TILEGM",0.900496659588083,0.152442574511037,0.0122771289515015,3050,0.2,2746.51481174365,1103.76270405079,0.127035478759198,140.217023545639
"TILEMATLC",0.674936634056082,0.21957942924446,0.0617399043268526,38661.1547045998,0.2,26093.8296250441,10486.5248943239,0.182982857703717,1918.85429254455
"TILESATLC",0.964876282166782,0.117789427264336,0.0176251560320242,8310,0.2,8018.12190480596,3222.30336323542,0.0981578560536131,316.294389689536
"TREVALLYTRE7",1.05044985692692,0.168548563164467,0.0124440210099136,23089.3028018962,0.2,24254.1548247942,9747.20085229962,0.140457135970389,1369.06391544214
"TURBLKGSA29",2.60431000258333,0.0651108735106222,0.0478054986433425,46865.7308961694,0.2,122052.891751272,49050.3197945893,0.0542590612588519,2661.42430650089
"VSNAPGM",0.891683931044253,0.139146986107951,0.00940414543076939,31900,0.2,28444.7174003117,11431.2939655316,0.115955821756626,1325.52508551478
"VSNAPSATLC",0.933681411650278,0.241916223514023,0.0376825932994291,8090,0.2,7553.48262025075,3035.57525569491,0.201596852928352,611.962418375271
"WANGLVIIIc-IXa",2.3723472026804,0.290545268345032,0.0744201390649697,16200,0.2,38432.0246834225,15444.9687674505,0.242121056954193,3739.55216259962
"WAREHOUESE",1.79893464378053,0.0576812358631544,0.0628276174268538,17600,0.2,31661.2497305373,12723.9461687152,0.0480676965526287,611.610783389783
"WAREHOUWSE",0.635853013857546,0.288806466846512,0.0262906017235262,5480,0.2,3484.47451593935,1400.33215821894,0.240672055705426,337.020819188969
"WEAKFISHATLC",2.46422311711396,0.368995013908168,0.0878807184779385,33258.4587146108,0.2,81956.2628041243,32936.3839072645,0.307495844923473,10127.8011982882
"WHAKEGBGOM",1.53275512261446,0.224662612672303,0.0338307078246793,48754.9406174465,0.2,74729.3849841549,30032.0637957155,0.187218843893586,5622.56826357227
"WHITMEDGSA29",1.56161449480779,0.359118552994636,0.117463651854425,51222.1031293883,0.2,79989.1787013921,32145.8569241063,0.299265460828863,9620.14468613136
"WHITNS-VIId",2.32254707887633,0.162921986241961,0.123952807372852,715000,0.2,1660621.16139658,667366.400381212,0.135768321868301,90607.2162510455
"WHITVIa",0.437788318411427,0.29812351483861,0.0439649664272708,235970.364207178,0.2,103305.068941192,41515.9902830795,0.248436262365509,10314.0774543311
"WHITVIIa",1.70782216833768,0.325131203361114,0.0482259939205442,61000,0.2,104177.152268598,41866.4610132935,0.270942669467595,11343.4107081027
"WHITVIIek",1.06141902883883,0.525052862173768,0.111944870799929,123541.045609928,0.2,131128.816653024,52697.7304579089,0.437544051811473,23057.5785058223
"WINFLOUN4T",0.55573619876139,0.0813759484389774,0.0875110892861034,812693.688986307,0.2,451643.301474622,181505.313414119,0.0678132903658145,12308.4725214898
"WINFLOUN5Z",0.567751506655045,0.238909742684673,0.089109712697755,48208.7315561202,0.2,27370.5799749158,10999.6222250015,0.199091452237227,2189.93076283644
"WITFLOUN4RST",0.263155097628461,0.0357048896240239,0.0252657700370436,187721.073678258,0.2,49399.7574707216,19852.6545905356,0.0297540746866866,590.697367415788
"WITFLOUN5Y",0.683895390168949,0.150592860513994,0.0359266825397343,55230.9117518805,0.2,37772.1659419391,15179.7863385493,0.125494050428328,1904.97287226116
"WLFLOUNNPAC",2.00609631352479,0.208420747959053,0.0454830804511212,1200,0.2,2407.31557622974,967.446138852617,0.173683956632544,168.0298732248
"WMARLINATL",1.17972981397834,0.0734962134181264,0.00994791067483927,38200,0.2,45065.6788939727,18110.8856151832,0.0612468445151053,1109.23459530398
"WPOLLEBS",0.993046275002495,0.478185465649422,0.104799494480514,13100000,0.2,13008906.2025327,5227987.63926372,0.398487888041185,2083289.75307562
"WPOLLGA",0.936508939011896,0.162151662461284,0.092148945977643,2900000,0.2,2715875.9231345,1091449.62188726,0.135126385384403,147483.642234799
"WPOLLNAVAR",1.43637373471026,0.417492331391417,0.122796249602297,3561248.70734189,0.2,5115284.10599677,2055717.95669237,0.347910276159514,715205.402018915
"WPOLLNSO",2.48247889002982,0.0980667728214416,0.0548716098838452,13257938.5895676,0.2,32912552.6739132,13226816.7574561,0.0817223106845347,1080926.02842024
"WROCKPCOAST",0.882491494629663,0.131020281155622,0.021059317589905,183000,0.2,161495.943517228,64901.5976712113,0.109183567629685,7086.1879786093
"WSHRIMPGM",0.513472779777803,0.293829309621114,0.131664315746956,1899407.45090771,0.2,975294.023748253,391948.794266113,0.244857758017595,95971.7030216998
"YEGROUPGM",1.35815561329939,0.0397201044816738,0.0273896059489482,15000,0.2,20372.3341994908,8187.18420439927,0.0331000870680615,270.996510007873
"YELL3LNO",0.709080165771538,0.397314566223826,0.153671151461157,531150.399211302,0.2,376628.213122368,151358.431842516,0.331095471853188,50114.0914098564
"YELLCCODGOM",1.92685665453918,0.511306403148213,0.168203433656161,5267.44927837489,0.2,10149.6196944843,4078.9045197098,0.426088669290177,1737.97499896484
"YELLGB",3.96225900865028,0.257623075512465,0.0665764866373959,34900,0.2,138282.839401895,55572.7717503758,0.214685896260387,11930.6903109034
"YELLSNEMATL",0.852018139683129,0.555291933575496,0.108779399068075,50831.0810936092,0.2,43309.0031514592,17404.9170329617,0.46274327797958,8054.0083607953
"YEYEROCKPCOAST",0.991445958470489,0.0266365079238996,0.00105439810912908,8880,0.2,8804.04011121794,3538.1462638318,0.022197089936583,78.5365508270596
"YFINATL",1.02639718422031,0.189428165458858,0.00167641377277337,1940000,0.2,1991210.53738739,800222.856138839,0.157856804549048,126320.62299719
"YFINCWPAC",0.759962850578237,0.15317902505611,0.0330786711620426,8620000,0.2,6550879.77198441,2632651.65733684,0.127649187546758,336055.845152674
"YFINEIO",0.941126397934756,0.132391114981928,0.0365387437332276,6600346.85776482,0.2,6211760.66336819,2496367.29334177,0.110325929151606,275414.041141611
"YFINEPAC",0.615744394096924,0.23308068537394,0.10398058064421,12577728.7380951,0.2,7744665.96095383,3112407.55246666,0.194233904478283,604535.071243296
"YNOSESKACSCH",1.81081122648693,0.0443284433478509,0.00590448088562907,13700,0.2,24808.1138028709,9969.82454140582,0.0369403694565424,368.289001976434
"YNOSESKASCH",1.04844548007988,0.0677067168410417,0.00382809216205855,30800,0.2,32292.1207864603,12977.479096925,0.0564222640342014,732.21875210503
"YSOLEBSAI",1.16072896458821,0.124628958550459,0.0359852546085635,3360000,0.2,3900049.3210164,1567342.35187452,0.103857465458716,162780.20417179
"YTROCKNPCOAST",0.919622812815128,0.236268091391132,0.0797773998739641,149000,0.2,137023.799109454,55066.7916945787,0.196890076159276,10842.1048105926
"YTSNAPSATLCGM",1.11354230534333,0.132218184927888,0.0546825584135431,26800,0.2,29842.9337832012,11993.2057706409,0.11018182077324,1321.43324871735
