stockid,B0_scalar,r,sigmaP,biomass_max,p,B0,bmsy,fmsy,msy
ACADRED2J3K,0.460321047,1.196187826,0.16881115,1060000,0.2,487940.3094,196092.2668,0.996823188,195469.3187
ACADRED3LNO-UT12,0.656250185,1.151175392,0.239069826,322000,0.2,211312.5595,84921.77835,0.959312827,81466.55127
ACADREDGOMGB,0.612084123,0.015189601,0.018972962,1968921.66,0.2,1205145.687,484321.0228,0.012658,6130.535719
ACADREDUT3,0.449369218,1.025979272,0.247154438,209000,0.2,93918.16655,37743.60474,0.854982727,32270.1301
ACMACKSARG,1.275880936,0.093580408,0.058486271,211000,0.2,269210.8774,108189.8138,0.077983674,8437.039125
AFLONCH,0.771136323,0.104560003,0.013817553,47900,0.2,36937.42988,14844.32464,0.087133336,1293.435522
ALBAIO,0.636987433,0.025044082,0.01763794,2449652.743,0.2,1560398.012,627088.9644,0.020870068,13087.38945
ALBAMED,0.999732539,0.295396983,0.007115447,331000,0.2,330911.4705,132985.8983,0.246164153,32736.36098
ALBANATL,1.17829752,0.101408002,0.005796377,923000,0.2,1087568.611,437069.4327,0.084506669,36935.28176
ALBANPAC,1.072804582,0.233018853,0.02324451,1210000,0.2,1298093.544,521674.6819,0.194182377,101300.03
ALBASATL,1.078375646,0.174551135,0.008365568,398000,0.2,429193.507,172483.2445,0.145459279,25089.28846
ALBASPAC,0.71671763,0.036537167,0.029279805,4783311.962,0.2,3428284.013,1377750.455,0.030447639,41949.24838
ALPLAICBSAI,1.603966209,0.041496046,0.020437925,766000,0.2,1228638.116,493762.1031,0.034580039,17074.31264
ALSKABSAI,1.016558822,0.091565975,0.022664747,6.00E+05,0.2,609935.2933,245119.3148,0.07630498,18703.82429
AMPL23K,0.276794407,0.098628923,0.09126181,332000,0.2,91895.74323,36930.83817,0.082190769,3035.373988
AMPL4T,0.018971913,0.016482324,0.044483584,918940.783,0.2,17434.06465,7006.359571,0.01373527,96.23424141
AMPL4VWX,1.167653073,0.143018719,0.125280438,97566.55227,0.2,113923.8846,45783.45413,0.119182266,5456.575794
AMPL5YZ,0.664777541,0.173336138,0.042097833,101016.5434,0.2,67153.52928,26987.4973,0.144446781,3898.257122
ANCHIXa,1.007935177,1.024649105,0.321503161,41119.53496,0.2,41445.82576,16656.14783,0.853874254,14222.2558
ANCHMEDGSA1,0.612904551,0.335122412,0.099158153,5644.748084,0.2,3459.691793,1390.372538,0.279268677,388.2874987
ANCHMEDGSA16,0.995438135,1.052963119,0.096338109,14700,0.2,14632.94058,5880.650634,0.877469265,5160.090192
ANCHMEDGSA17-18,0.38628152,0.049376384,0.077617764,2680000,0.2,1035234.474,416037.5167,0.041146987,17118.69017
ANCHMEDGSA20,0.785208963,1.81066439,0.149752616,3120.564498,0.2,2450.295214,984.7186914,1.508886992,1485.829224
ANCHMEDGSA22,1.222723285,1.074438865,0.12274209,46483.90695,0.2,56836.95538,22841.49763,0.895365721,20451.49398
ANCHMEDGSA29,1.00808314,0.455387871,0.125384421,1819729.806,0.2,1834438.937,737219.8661,0.379489892,279767.4876
ANCHMEDGSA6,1.148469093,0.573054821,0.045016463,68700,0.2,78899.82668,31708.07078,0.477545684,15142.05236
ANCHMEDGSA7,0.593469108,0.572976286,0.167952814,112000,0.2,66468.54004,26712.21549,0.477480238,12754.55501
ANCHMEDGSA9,2.118553862,0.329873312,0.135349177,17400,0.2,36862.83719,14814.34751,0.274894426,4072.381562
ANCHOBAYB,0.858731502,0.656258093,0.175098376,178254.4591,0.2,153072.7195,61516.49284,0.546881744,33642.2469
ANCHOSA,0.54129735,0.328515001,0.147337465,9260000,0.2,5012413.461,2014376.552,0.273762501,551460.7622
ANCHOWA,0.703767255,1.914763126,0.21765845,352000,0.2,247726.0736,99555.55299,1.595635939,158854.4182
ANGLMEDGSA5,2.228916687,0.530991666,0.056456377,47.7578694,0.2,106.4483121,42.7791892,0.442493055,18.92949411
ANGLMEDGSA6,1.108333595,1.250896232,0.110186615,1994.531023,0.2,2210.605739,888.3928671,1.042413527,926.072742
APOLLPJPN,1.40625985,0.327201148,0.076430429,1370000,0.2,1926575.994,774247.6828,0.272667623,211112.2754
ARFLOUNDBSAI,1.796411321,0.062015472,0.009192895,908000,0.2,1631141.48,655519.1776,0.05167956,33876.94253
ARFLOUNDGA,1.430580192,0.05376212,0.013937076,2110000,0.2,3018524.204,1213077.178,0.044801767,54348.00075
ARFLOUNDPCOAST,1.007015257,0.15286539,0.024034494,98000,0.2,98687.49516,39660.29094,0.127387825,5052.238191
ARGANCHONARG,0.582916901,0.226214132,0.109457368,5150000,0.2,3002022.042,1206445.329,0.188511776,227429.1521
ARGANCHOSARG,0.630929468,0.714622624,0.122347555,2170000,0.2,1369116.946,550217.3941,0.595518853,327664.8315
ARGHAKENARG,1.481986588,0.442501121,0.040820878,594000,0.2,880300.033,353772.8399,0.368750934,130454.0651
ATBTUNAWATL,0.588045933,0.102801526,0.028567761,148974.5397,0.2,87603.87216,35206.03144,0.085667938,3016.028131
ATHAL3NOPs4VWX5Zc,5.023241817,0.183320213,0.009074834,27100,0.2,136129.8532,54707.5349,0.152766844,8357.497475
ATKABSAI,0.85293077,0.167801817,0.081012897,1310000,0.2,1117339.309,449033.6086,0.139834848,62790.54637
ATLCROAKMATLC,1.318370379,0.356381062,0.070351002,97477.53715,0.2,128511.4976,51645.88864,0.296984218,15338.01386
ATOOTHFISHRS,0.962594494,0.07684153,0.004061101,89300,0.2,85959.68831,34545.27083,0.064034608,2212.092884
AUROCKPCOAST,0.983740677,0.019201726,0.003030276,6470,0.2,6364.80218,2557.871246,0.016001438,40.92961884
AUSSALMONNZ,0.974044759,0.161251171,0.019627436,48324.34125,0.2,47070.07133,18916.40598,0.134375976,2541.91052
BGRDRNSWWA,1.136460029,0.068525769,0.043783901,150525,0.2,171065.6459,68747.44642,0.057104807,3925.809673
BGROCKPCOAST,1.014576202,0.067702925,0.004810281,12900,0.2,13088.03301,5259.786927,0.056419104,296.7524672
BIGEYEATL,0.989446042,0.194063566,0.00450914,1250000,0.2,1236807.553,497045.2163,0.161719639,80381.97277
BIGEYECWPAC,0.772023924,0.112462526,0.023906783,3540000,0.2,2732964.692,1098317.215,0.093718771,102932.9398
BIGEYEEPAC,1.180892264,0.870807891,0.077235505,296562.6506,0.2,350208.5397,140740.9576,0.725673242,102131.947
BIGEYEIO,0.981627147,0.111899385,0.01992497,2620007.529,0.2,2571870.515,1033577.078,0.093249487,96380.53241
BIGHTREDSE,0.964798533,0.120663964,0.004978391,16800,0.2,16208.61535,6513.878983,0.100553303,654.992048
BKCDLFENI,0.977475121,0.066159921,0.009669016,44947.42192,0.2,43934.98669,17656.48578,0.055133267,973.4597485
BKINGCRABPI,0.042607814,0.17214651,0.015819834,133000,0.2,5666.839257,2277.375602,0.143455425,326.7018848
BKINGCRABSMI,0.892704129,0.446704603,0.110489138,8966.42686,0.2,8004.366282,3216.775287,0.372253836,1197.456939
BLACKGROUPERGMSATL,3.357938907,0.067845529,0.010387367,7877.589411,0.2,26452.46398,10630.652,0.056537941,601.0351764
BLACKOREOWECR,0.993496387,0.035780357,0.006138894,228000,0.2,226517.1762,91032.17281,0.029816964,2714.303021
BLACKROCKCAL,0.980646285,0.125053638,0.015868776,9410,0.2,9227.881545,3708.47863,0.104211365,386.4656209
BLACKROCKORECOAST,0.999819126,0.143285362,0.002402839,11600,0.2,11597.90187,4660.936643,0.119404469,556.5366635
BLACKROCKWASH,1.001224974,0.116488466,0.013589032,9040,0.2,9051.073767,3637.423549,0.097073722,353.098242
BLINGVb-VI-VII,3.193057107,0.044649707,0.012579519,226473.8018,0.2,723143.7823,290615.2674,0.03720809,10813.2389
BLKMARLINIO,0.993482697,0.591321793,0.008872303,59500,0.2,59112.22047,23755.87564,0.492768161,11706.13916
BLSHARNPAC,3.164317434,0.041019567,0.01653385,1592413.403,0.2,5038901.492,2025021.497,0.034182972,69221.25355
BLTILESATLC,1.089329915,0.342984837,0.067879415,883.6982029,0.2,962.638888,386.862979,0.285820697,110.5734465
BLUEFISHATLC,1.723926894,0.162113823,0.030193747,183000,0.2,315478.6217,126783.7825,0.135094853,17127.83645
BLUEROCKCAL,1.026039892,0.064730816,0.011832333,13200,0.2,13543.72658,5442.919952,0.053942347,293.6038767
BMACKECS,1.445945796,0.529267619,0.103114556,238000,0.2,344135.0994,138300.1782,0.441056349,60998.17172
BMACKPJPN,1.435008776,0.455916078,0.132640103,853000,0.2,1224062.486,491923.2597,0.379930065,186896.436
BMARLINATL,1.055494227,0.14123752,0.005726153,63400,0.2,66918.33397,26892.97758,0.117697933,3165.247876
BMARLINIO,1.032158504,0.116692068,0.004350905,194000,0.2,200238.7499,80471.46262,0.09724339,7825.317801
BMARLINPAC,1.078447223,0.396779081,0.024946754,131985.8267,0.2,142339.7484,57203.15248,0.330649234,18914.17857
BNKROCKCAL,1.347701152,0.10279154,0.026544121,12100,0.2,16307.18394,6553.491489,0.085659616,561.3695666
BNOSESHARATL,0.807907306,0.192178277,0.073081639,928,0.2,749.7379796,301.3028789,0.160148564,48.25322348
BOCACCBCW,1.051760659,0.047154065,0.007419955,43600,0.2,45856.76474,18428.80528,0.039295055,724.1609087
BOCACCSPCOAST,1.718198147,0.069948378,0.043798566,60000,0.2,103091.8888,41430.31797,0.058290315,2414.986299
BRMSOJ,1.87149921,0.977277406,0.081946962,9480,0.2,17741.81251,7130.036534,0.814397838,5806.686338
BRNROCKPCOAST,1.001820475,0.1308407,0.004189063,3570,0.2,3576.499097,1437.314773,0.109033917,156.7160593
BRNSHRIMPGM,1.071342456,0.794838136,0.123717658,163100.1608,0.2,174736.1268,70222.53038,0.662365113,46512.95428
BSBASSSATL,4.503988869,0.091516543,0.037233064,7880,0.2,35491.43229,14263.21064,0.076263786,1087.766437
BSQLOBSTERCSCH,1.02513792,0.178980444,0.062704911,65000,0.2,66633.96481,26778.69599,0.14915037,3994.052417
BSQLOBSTERNCH,1.074576139,0.285445254,0.03940583,24100,0.2,25897.28495,10407.538,0.237871045,2475.651937
BUTTERGOMCHATT,0.855129662,0.499331487,0.118067021,135977.8591,0.2,116278.7006,46729.80188,0.416109572,19444.71787
BWHITMEDGSA6,1.758970974,2.112039666,0.10625099,1103.762178,0.2,1941.485634,780.2395327,1.760033055,1373.247368
BWHITMEDGSA9,1.106553813,1.50209992,0.060157404,463.5134223,0.2,512.9025447,206.1240294,1.251749934,258.0157401
BWHITNEA,4.769912196,0.119530105,0.061223409,11800000,0.2,56284963.91,22619664.64,0.099608421,2253109.07
CABEZNCAL,1.030068909,0.207239962,0.041858642,787,0.2,810.6642313,325.787773,0.172699969,56.26353817
CABEZORECOAST,1.020866764,0.158356463,0.025115099,756,0.2,771.7752739,310.1591732,0.131963719,40.92975805
CABEZSCAL,1.30091479,0.160313412,0.034007688,1380,0.2,1795.26241,721.4756984,0.13359451,96.38519224
CALSCORPSCAL,1.135582961,0.239257624,0.056667139,1920,0.2,2180.319285,876.2214204,0.199381354,174.7022129
CAPENOR,0.906982378,0.372834291,0.191736907,7810000,0.2,7083532.372,2846712.791,0.310695242,884460.12
CHAKESA,1.028176425,0.284803998,0.02263674,635000,0.2,652892.0297,262382.6637,0.237336665,62273.02644
CHERRCHVX,1.426376842,0.379249018,0.154867576,4250000,0.2,6062101.579,2436222.664,0.316040849,769945.878
CHILISPCOAST,0.981754095,0.112834307,0.020503718,54500,0.2,53505.59816,21502.69988,0.094028589,2021.868524
CHROCKCPCOAST,0.99936722,0.073617379,0.000687476,577,0.2,576.6348857,231.7366278,0.061347816,14.21653604
CHROCKNPCOAST,1.001398318,0.070177769,0.001220926,235,0.2,235.3286047,94.57328828,0.058481474,5.530785291
CHROCKSPCOAST,0.979895868,0.102620775,0.003388737,750,0.2,734.9219007,295.3486291,0.085517313,25.25742102
CHSQUIDSA,0.870042417,0.299975978,0.079856944,78200,0.2,68037.31703,27342.67177,0.249979981,6835.120583
CHTRACCH,2.121037314,0.095834458,0.062891917,27111481.19,0.2,57504463.25,23109754.07,0.079862048,1845592.288
CMACKPCOAST,0.332839602,0.141057463,0.032337413,1230000,0.2,409392.7104,164525.7485,0.117547886,19339.65386
CMACKPJPN,4.877743014,0.132740024,0.077489332,4740000,0.2,23120501.88,9291611.161,0.110616687,1027807.244
CMACKTSST,2.421293561,0.320310993,0.098633673,1370000,0.2,3317172.179,1333097.101,0.266925828,355838.0473
CMACKWA,1.096162424,1.329041372,0.209098722,632000,0.2,692774.6518,278410.595,1.107534477,308349.3327
COBGM,0.982257425,0.322961683,0.027203617,8820,0.2,8663.51049,3481.670561,0.269134736,937.038486
COD1f-XIV,1.32713761,0.140769049,0.089711879,202000,0.2,268081.7973,107736.0618,0.117307541,12638.25244
COD1IN,2.233648402,0.293545661,0.084958063,97000,0.2,216663.895,87072.36005,0.244621384,21299.76125
COD3M,2.00558083,0.330621026,0.115697,104000,0.2,208580.4063,83823.78726,0.275517522,23094.92216
COD3NO,0.672050537,0.678333588,0.187968879,166000,0.2,111560.3892,44833.61833,0.56527799,25343.45765
COD3Ps,0.715986472,1.016019057,0.311424838,148000,0.2,105965.9978,42585.35792,0.846682548,36056.27934
COD4VsW,0.972428931,0.414267368,0.159431353,315848.2427,0.2,307139.969,123432.665,0.345222806,42611.77101
CODBA2532,5.01678834,0.23030074,0.045710041,991000,0.2,4971637.245,1997989.505,0.191917283,383448.7172
CODFAPL,1.340551639,0.336897565,0.110820413,166000,0.2,222531.5721,89430.44788,0.28074797,25107.41674
CODICE,1.378136104,0.572519813,0.079581734,1471017.884,0.2,2027262.855,814711.4739,0.477099844,388698.7172
CODIIIaW-IV-VIId,3.3386427,0.219351517,0.115768247,1210000,0.2,4039757.667,1623488.003,0.182792931,296762.1303
CODNEAR,1.645817061,0.308439728,0.063631145,4360000,0.2,7175762.385,2883777.965,0.257033107,741226.4092
CODNEARNCW,1.148496388,0.618927621,0.1596596,148377.3038,0.2,170410.7975,68484.27753,0.515773017,35322.34247
CODVIIek,5.009284172,0.230705983,0.086180031,41400,0.2,207384.3647,83343.12498,0.192254986,16023.13131
COWCODSCAL,0.990835695,0.072522211,0.00850363,3100,0.2,3071.590655,1234.403395,0.060435175,74.6013857
CPANDMEDGSA15-16,0.743629912,0.243757889,0.021668778,3290.420143,0.2,2446.854841,983.3360826,0.203131574,199.7466067
CPRROCKPCOAST,0.998966926,0.106241175,0.004766958,5580,0.2,5574.235445,2240.160207,0.088534312,198.3310433
CRLOBSTERSA12,1.23983909,0.018316569,0.004768433,56600,0.2,70174.89251,28201.71542,0.015263807,430.4655441
CROCKPCOAST,0.965961206,0.068231264,0.006652864,72100,0.2,69645.80294,27989.08619,0.056859387,1591.442273
CROCKWCVANISOGQCI,1.029970969,0.086741883,0.012491396,28300,0.2,29148.17844,11713.99918,0.072284903,846.7452918
CSARDCSCH,0.984712107,0.462611883,0.17886269,3260000,0.2,3210161.469,1290091.897,0.385509903,497343.2017
CTRACSA,0.968342338,0.140351882,0.012760681,1050000,0.2,1016759.454,408612.8209,0.116959902,47791.31541
CUSKVa-XIV,4.774708948,0.120781908,0.029746886,41400,0.2,197672.9504,79440.32538,0.10065159,7995.795045
DEEPCHAKESA,0.9713858,0.146354373,0.013207159,2260000,0.2,2195331.908,882254.6569,0.121961978,107601.5229
DEEPFLATHEADSE,0.980415771,0.141129237,0.010537391,21100,0.2,20686.77277,8313.550015,0.117607698,977.7374758
DKROCKPCOAST,1.043399673,0.046895758,0.005582254,36500,0.2,38084.08807,15305.14085,0.039079798,598.1218138
DSOLEGA,1.261327191,0.03532933,0.018018037,149000,0.2,187937.7515,75527.96725,0.029441108,2223.627058
DSOLEPCOAST,1.000818717,0.085935959,0.008641039,854000,0.2,854699.1846,343484.4331,0.071613299,24598.05355
DUSROCKGA,1.513381503,0.07330178,0.026796913,94200,0.2,142560.5376,57291.8827,0.061084817,3499.664148
ESOLEHS,1.114283722,0.43140875,0.095739324,5510,0.2,6139.703311,2467.409059,0.359507291,887.0515478
ESOLEPCOAST,0.974915,0.165955144,0.023220367,72800,0.2,70973.81198,28522.78323,0.138295953,3944.585498
EULAPCOASTCCDU,1.205664818,0.752376966,0.387378123,86.9,0.2,104.7722727,42.10562655,0.626980805,26.39941962
EULAPCOASTFRDU,0.616790649,0.728495862,0.252006465,129,0.2,79.56599375,31.97578838,0.607079885,19.41185795
EULAPCOASTNSDU,0.654743809,1.377612889,0.275115886,98,0.2,64.16489325,25.78643151,1.14801074,29.60310033
FLSOLEBSAI,0.976702765,0.203560945,0.024160132,963000,0.2,940564.763,377991.8833,0.169634121,64120.32077
FLSOLEGA,1.125160614,0.103348691,0.017052728,241000,0.2,271163.7081,108974.6126,0.086123909,9385.319643
FMEG8c9a,3.614341117,0.218765244,0.081785127,8070,0.2,29167.73282,11721.85765,0.18230437,2136.945873
FSCADWA,0.624192656,1.287508457,0.037839939,242000,0.2,151054.6227,60705.465,1.072923714,65132.33298
GAGGM,0.789369843,0.144681372,0.064631974,26097.18051,0.2,20600.3273,8278.809516,0.12056781,998.1579346
GAGSATLC,0.99174225,0.188223157,0.025377409,8350,0.2,8281.047791,3327.96738,0.156852631,522.0004397
GHAL23KLMNO,1.040472942,0.15035107,0.090801134,224000,0.2,233065.939,93663.97368,0.125292559,11735.39891
GHAL4RST,0.424536749,0.03276251,0.084311547,446000,0.2,189343.3902,76092.86194,0.027302092,2077.494288
GHALNEAR,1.146451353,0.160905721,0.026085341,684000,0.2,784172.7253,315141.4309,0.134088101,42256.71589
GOLDREDV-VI-XII-XIV,3.505565462,0.080929146,0.01849611,760000,0.2,2664229.751,1070694.184,0.067440955,72208.63842
GOPHERSPCOAST,4.999180459,0.023316911,0.051548765,3000,0.2,14997.54138,6027.175515,0.019430759,117.1125941
GRAMBERGM,0.983148794,0.2468124,0.020141349,19300,0.2,18974.77172,7625.535188,0.205677,1568.397198
GRAMBERSATLC,0.831100199,0.07153816,0.024915051,14600,0.2,12134.0629,4876.407739,0.059615133,290.7076981
GRNSTROCKPCOAST,0.992995354,0.090548271,0.004463375,33500,0.2,33265.34434,13368.59582,0.075456893,1008.752702
GRSHRIMPMEDGSA10,0.958782417,0.954222777,0.131974495,1455.193358,0.2,1395.213806,560.7051366,0.795185647,445.8646771
GRSHRIMPMEDGSA11,1.265741867,1.097526351,0.189863386,161.7808853,0.2,204.7728398,82.29361169,0.914605292,75.26617278
GRSHRIMPMEDGSA12-16,1.158773332,1.548913377,0.185947263,4524.085631,0.2,5242.38978,2106.798876,1.290761147,2719.374135
GRSHRIMPMEDGSA18-19,0.952865873,1.331475362,0.127792345,2172.986012,0.2,2070.564214,832.113319,1.109562802,923.2819858
GRSHRIMPMEDGSA9,0.890483704,0.610015942,0.164370889,399.7197322,0.2,355.9439079,143.0458735,0.508346618,72.71688603
GRSPROCKNCAL,0.980271955,0.069053801,0.003238139,3160,0.2,3097.659377,1244.879829,0.057544834,71.63640292
GRSPROCKSCAL,0.983613311,0.057728615,0.002203541,4330,0.2,4259.045636,1711.614919,0.048107179,82.34096509
GSTRGZRSTA7,0.931070133,0.193374705,0.030630939,9725.95134,0.2,9055.542811,3639.219558,0.161145588,586.4441748
GTRIGGM,1.011748158,0.187554642,0.022753278,31500,0.2,31870.06697,12807.86513,0.156295535,2001.812129
HAD3LNO,0.603703853,0.645556522,0.211215847,25800,0.2,15575.5594,6259.467996,0.537963768,3367.366991
HAD4X5Y,0.384570092,0.687768562,0.151348915,232000,0.2,89220.26137,35855.62201,0.573140468,20550.30799
HAD5Y,3.699399631,0.102201973,0.103692337,28059.19164,0.2,103802.1632,41715.76133,0.085168311,3552.86094
HADFAPL,1.316763221,0.269868113,0.100235108,149000,0.2,196197.7199,78847.46329,0.224890094,17732.01345
HADGB,5.001275795,0.105935004,0.111054493,344233.2867,0.2,1721605.605,691874.6804,0.08827917,61078.12237
HADICE,4.118448824,0.225175924,0.075101172,298000,0.2,1227297.749,493223.4397,0.187646603,92551.7032
HADIS,0.569211179,0.80340395,0.225070983,36900,0.2,21003.89252,8440.993329,0.669503292,5651.272821
HADNEAR,1.669612845,0.243441592,0.072871452,1440000,0.2,2404242.497,966211.1373,0.202867994,196013.3149
HADNS-IIIa-VIa,0.795447082,0.196464219,0.123572437,2670000,0.2,2123843.71,853525.1535,0.163720183,139739.2941
HADVIIb-k,1.081540929,0.36785838,0.117966723,136000,0.2,147089.5663,59111.99777,0.30654865,18120.70311
HAKEMEDGSA1-7,1.077154433,0.864479016,0.136274257,25134.84927,0.2,27074.11433,10880.47933,0.72039918,7838.288392
HAKEMEDGSA17-18,1.695026976,1.918670092,0.187610882,6916.072015,0.2,11722.92864,4711.182097,1.598891743,7532.670155
HAKEMEDGSA19,1.327459569,1.057737796,0.16716057,2354.761832,0.2,3125.851125,1256.209461,0.881448163,1107.283522
HAKEMEDGSA7,3.918929027,0.478835585,0.164730237,3967.963035,0.2,15550.16552,6249.262763,0.399029654,2493.641159
HAKEMEDGSA9-11,1.702677025,0.749561847,0.069273061,7936.817527,0.2,13513.83685,5430.907944,0.624634872,3392.334489
HAKENRTN,2.425290566,0.37912303,0.049486069,391000,0.2,948288.6113,381095.9247,0.315935859,120401.8682
HAKESOTH,1.925045693,0.486475429,0.065563753,54700,0.2,105299.9994,42317.7081,0.405396191,17155.43766
HERR2224IIIa,4.040781693,0.182429545,0.03922915,591000,0.2,2388101.981,959724.6258,0.152024621,145901.7723
HERR2529-32,2.318142434,0.0992828,0.045055456,2660000,0.2,6166258.875,2478081.145,0.082735667,205025.6962
HERR30-31,1.907857415,0.14094666,0.056802219,845499.8661,0.2,1613093.189,648265.974,0.11745555,76142.43651
HERR4RFA,0.746247664,0.294270621,0.073798148,130693.1795,0.2,97529.47987,39194.91057,0.245225517,9611.592214
HERR4RSP,0.855154341,0.172499201,0.07991785,235000,0.2,200961.27,80761.82727,0.143749334,11609.45886
HERR4TFA,1.047560038,0.401967194,0.109102287,464469.0286,0.2,486559.1932,195537.2272,0.334972662,65499.62546
HERR4TSP,1.08464099,0.284925718,0.112280138,173645.8774,0.2,188343.4364,75691.00293,0.237438099,17971.92782
HERR4VWX,0.88898669,0.62954441,0.175557861,793600.5739,0.2,705500.3474,283524.7667,0.524620341,148742.8599
HERRCC,0.698149265,0.4081618,0.127849112,141207.5243,0.2,98583.92935,39618.67017,0.340134833,13475.68976
HERRIsum,1.698833951,0.156723655,0.088535223,984487.191,0.2,1672480.264,672132.3078,0.130603045,87782.52637
HERRNIRS,1.102524335,0.290325083,0.096070988,64400,0.2,71002.56714,28534.33929,0.241937569,6903.528685
HERRNORSS,2.33314757,0.114459994,0.064244267,1.10E+07,0.2,25664623.27,10314036.49,0.095383328,983787.1277
HERRNS-IIIa-VIId,0.978621916,0.168642536,0.04152164,9670000,0.2,9463273.926,3803077.549,0.140535447,534467.2017
HERRNWATLC,0.82629241,0.573418491,0.104426521,1352136.939,0.2,1117260.491,449001.9333,0.477848743,214555.0093
HERRPRD,3.291957432,0.083105696,0.103179773,179637.0555,0.2,591357.5398,237653.3323,0.069254747,16458.62136
HERRPWS,0.961818394,0.16211402,0.134094632,105000,0.2,100990.9313,40585.99028,0.135095017,5482.965037
HERRQCI,0.656886541,0.28877324,0.118689221,135686.3748,0.2,89130.55342,35819.5704,0.240644367,8619.777845
HERRRIGA,1.463455056,0.34456489,0.096712336,178000,0.2,260495,104687.0981,0.287137408,30059.58206
HERRSIRS,0.799378885,0.197651969,0.08252089,360000,0.2,287776.3987,115650.8804,0.164709974,19048.85351
HERRSOG,1.08410331,0.384794168,0.115865973,212783.0356,0.2,230678.7931,92704.6333,0.320661807,29726.83519
HERRTOG,0.977475645,0.930367241,0.129268142,149000,0.2,145643.8711,58531.0053,0.775306034,45379.44159
HERRVIa,0.907270119,0.169334424,0.090738151,1520000,0.2,1379050.58,554209.4989,0.14111202,78205.62177
HERRWCVANI,0.88726478,0.215830011,0.103889491,187022.6234,0.2,165938.5869,66686.9964,0.179858343,11994.21264
HMACKIIa-IVa-Vb-VIa-VII-VIII,1.515376628,0.080741428,0.037876476,5220000,0.2,7910265.999,3178958.494,0.067284523,213894.7059
HMACKWA,0.904122787,0.898572436,0.183368575,393000,0.2,355320.2552,142795.2415,0.748810363,106926.5567
HOKIENZ,0.990755775,0.459504621,0.032539496,533454.8549,0.2,528523.4783,212401.7322,0.382920518,81332.98124
HOKIWNZ,1.07159773,0.314161056,0.039440017,886780.5647,0.2,950272.0403,381893.0203,0.26180088,99979.92884
JANCHOPJPN,2.019307032,0.246872476,0.082272769,1490000,0.2,3008767.477,1209156.168,0.205727063,248756.1474
JANCHOSETO,1.116332408,0.521021894,0.154463382,424000,0.2,473324.9411,190218.6781,0.434184912,82590.07995
JANCHOTSST,1.988846635,0.385603442,0.11770736,306000,0.2,608587.0703,244577.4942,0.321336202,78591.60297
JCSQUIDJPNAR,0.84638612,0.669715964,0.187802689,2040000,0.2,1726627.684,693892.9416,0.558096637,387259.317
JCSQUIDJPNWR,0.959400923,0.701291155,0.190668291,1330000,0.2,1276003.228,512797.0792,0.584409296,299683.38
JMACKTSST,4.620397241,0.255627101,0.11548842,545000,0.2,2518116.496,1011974.544,0.213022584,215573.4326
JPUFFIMKB,1.556359124,0.540046554,0.163695595,860,0.2,1338.468846,537.9006102,0.450038795,242.0761423
JPUFFSOJECSSI,5.00095812,0.210083056,0.048432936,1050,0.2,5251.006026,2110.261552,0.175069213,369.4418296
KCROCKNPAC,1.674283416,0.229210338,0.076566198,6420,0.2,10748.89953,4319.741645,0.191008615,825.1078695
KELPGREENLINGORECOAST,0.808371622,0.163219594,0.045083178,1800,0.2,1455.068919,584.7595645,0.136016328,79.53684873
KINGKLIPSA,1.97240709,0.080218069,0.001680096,110000,0.2,216964.7799,87193.27896,0.066848391,5828.730423
LINGCODNPCOAST,1.033153555,0.10335162,0.020320476,44300,0.2,45768.70249,18393.41503,0.08612635,1584.157705
LINGCODSPCOAST,0.998730749,0.156246547,0.023638109,32000,0.2,31959.38395,12843.75963,0.130205456,1672.32758
LISQUIDATLC,0.643767501,1.193841784,0.241987289,176000,0.2,113303.0802,45533.96677,0.994868153,45300.29341
LNOSESKAPCOAST,1.007434307,0.058451309,0.001172757,91000,0.2,91676.52191,36842.73803,0.048709424,1794.588547
LOBSTERGB,1.518396935,2.666189326,0.192435582,1827.773444,0.2,2775.285597,1115.325037,2.221824438,2478.056424
LSTHORNHPCOAST,0.807932301,0.111357133,0.007942104,103000,0.2,83217.02702,33443.05677,0.092797611,3103.435763
MACKNEICES,1.492533367,0.252283371,0.065453621,5920000,0.2,8835797.534,3550908.86,0.210236143,746529.3816
MACKNWATLSA3-4,0.80000446,0.210426477,0.107684826,610000,0.2,488002.7209,196117.3486,0.175355398,34390.23566
MEGSPPVIb,0.767609358,0.697538513,0.256656199,13764.85577,0.2,10566.0321,4246.251327,0.581282094,2468.269865
MEGVII-VIIIabd,2.639155865,0.199172414,0.06181054,129000,0.2,340451.1065,136819.6641,0.165977011,22708.91893
MENATGM,1.094538088,1.202757334,0.196439383,2010000,0.2,2200021.558,884139.322,1.002297778,886170.878
MENATLAN,1.713601257,0.246720999,0.099778699,2290000,0.2,3924146.878,1577026.619,0.205600832,324237.9855
MHMACKMEDGSA29,1.002100261,0.411216008,0.145769429,153103.5005,0.2,153425.0579,61658.08974,0.342680007,21128.9946
MONKGOMNGB,0.934058229,0.366068668,0.047314701,89100,0.2,83224.58817,33446.09543,0.305057223,10202.973
MONKSGBMATL,1.033990392,0.438197424,0.026841135,147000,0.2,151996.5876,61084.01956,0.36516452,22305.7167
MORWONGESE,1.337042862,0.076122913,0.017782944,29519.2,0.2,39468.43564,15861.47909,0.063435761,1006.184989
MORWONGWSE,0.961366834,0.123044058,0.010327144,3313.55,0.2,3185.537073,1280.195904,0.102536715,131.2670823
MULLQNSW,1.691373168,0.4319114,0.107529939,34200,0.2,57844.96234,23246.59302,0.359926166,8367.057108
MUTSNAPSATLCGM,1.84287614,0.155928875,0.019278762,5230,0.2,9638.24221,3873.393378,0.129940729,503.3115609
NEPHFU14,1.082281112,1.915400721,0.147078137,1170.085975,0.2,1266.36195,508.9224659,1.596167268,812.3253819
NEPHFU17,1.112897146,1.020716198,0.212211605,2348.960639,0.2,2614.151591,1050.568894,0.850596831,893.6105728
NEPHFU7,4.112206966,0.621772237,0.229967025,12379.72225,0.2,50907.98009,20458.77544,0.518143531,10600.58214
NEPHMEDGSA11,1.734842457,0.297804898,0.106491858,176,0.2,305.3322724,122.7061923,0.248170748,30.45208752
NEPHMEDGSA17-18,1.135394964,0.47659852,0.068293552,12500,0.2,14192.43705,5703.622143,0.397165433,2265.28156
NEPHMEDGSA5,1.314174619,0.452878233,0.091983923,121.8304579,0.2,160.1064956,64.34320972,0.377398528,24.28303261
NEPHMEDGSA9,3.38946446,0.154653493,0.068720114,973,0.2,3297.94892,1325.371705,0.128877911,170.8111362
NPOUTIIIa-IV,0.778324409,1.018354834,0.244969724,673000,0.2,523812.3275,210508.4264,0.848629028,178643.5613
NROCKBSAI,1.23503182,0.070125908,0.012462831,253000,0.2,312463.0504,125571.892,0.058438256,7338.202427
NROCKGA,1.37585291,0.048824067,0.02223851,170000,0.2,233894.9947,93997.15258,0.040686722,3824.436026
NRSOLEEBSAI,1.099032827,0.184874818,0.032265466,1700000,0.2,1868355.806,750850.2951,0.154062348,115677.7598
NSHRIMPCSCH,1.309701566,0.165289917,0.049084063,56600,0.2,74129.10863,29790.82619,0.137741598,4103.436
NZLINGESE,1.013872409,0.119986109,0.019026734,14300,0.2,14498.37544,5826.571921,0.099988424,582.5897461
NZLINGLIN3-4,0.83238609,0.184277579,0.027887929,150349.8998,0.2,125149.1652,50294.64266,0.153564649,7723.479161
NZLINGLIN5-6,0.975955409,0.150672365,0.015285758,358872.4747,0.2,350243.5328,140755.0206,0.125560304,17673.24315
NZLINGLIN6b,1.070566093,0.07172329,0.02009766,16800,0.2,17985.51036,7227.973234,0.059769408,432.0116829
NZLINGLIN72,1.044127487,0.104818205,0.018541846,8529.776143,0.2,8906.173731,3579.191475,0.087348504,312.6370219
NZLINGLIN7WC,1.433471658,0.043615035,0.022657285,76970.96882,0.2,110335.7023,44341.44415,0.036345863,1611.628041
NZSNAPNZ1BOP-HAGU,0.916566575,0.041408237,0.007796911,366838.9034,0.2,336232.2774,135124.2113,0.034506864,4662.712763
NZSNAPNZ1ENLD,0.975981384,0.064753964,0.005674139,84964.62343,0.2,82923.89074,33325.25187,0.053961637,1798.285129
NZSNAPNZ7,1.014500158,0.152439085,0.01405457,16079.32829,0.2,16312.48109,6555.620292,0.127032571,832.777298
NZSNAPNZ8,0.966259915,0.063014431,0.007276376,110000,0.2,106288.5907,42715.00076,0.052512026,2243.051221
OFLOUNPAC,1.302218709,1.663379537,0.262821356,4750,0.2,6185.538869,2485.829342,1.386149614,3445.731384
OROUGHYCASCADE,0.922545089,0.061514107,0.005394791,91200,0.2,84136.11213,33812.41646,0.051261756,1733.283843
OROUGHYCH,1.01532144,0.037992433,0.001431257,31200,0.2,31678.02892,12730.68935,0.031660361,403.0582147
OROUGHYESCR,0.497071868,0.052042934,0.01026011,693914.3776,0.2,344925.3156,138617.7484,0.043369111,6011.728563
OROUGHYNWCR,0.399030276,0.108711001,0.013056772,171335.8194,0.2,68368.17928,27475.63789,0.0905925,2489.086739
OROUGHYSE,0.803482208,0.054326496,0.005189672,183000,0.2,147037.244,59090.97063,0.04527208,2675.171164
PACBTUNA,1.969746986,0.192482222,0.045584025,209000,0.2,411677.12,165443.8015,0.160401852,26537.49208
PANCHCCH,0.772269456,0.334876763,0.13064398,870000,0.2,671874.4266,270011.2632,0.279063969,75350.41493
PANCHCSCH,1.184259757,0.453913859,0.131345646,1860000,0.2,2202723.147,885225.0302,0.378261549,334846.5912
PANCHNCHSP,1.169512688,0.369997879,0.096482585,10900000,0.2,12747688.3,5123010.022,0.308331566,1579585.701
PANCHPERUNC,3.355230221,0.344561921,0.199065415,18300000,0.2,61400713.05,24675569.48,0.287134934,7085218.014
PANDAL4RST,0.702644388,0.570088331,0.138817567,334000,0.2,234683.2255,94313.92486,0.475073609,44806.05668
PANDALGOM,1.48470814,0.341802548,0.09535233,30100,0.2,44689.71501,17959.79416,0.284835456,5115.586165
PANDALIIIaW-IVaE,2.080601084,0.414354828,0.104129653,46300,0.2,96331.83017,38713.60202,0.34529569,13367.63991
PANDALSFA13-15,0.8501058,0.717528428,0.130543111,48400,0.2,41145.12072,16535.30121,0.597940356,9887.1239
PANDALSFA2-3,0.854242622,1.360011129,0.166199865,98200,0.2,83886.62543,33712.15335,1.133342607,38207.41977
PANDALSFA4,0.893321117,0.989690534,0.128809206,205000,0.2,183130.829,73596.17292,0.824742112,60697.86309
PANDALSFA6,0.907808039,0.296172864,0.117222732,895000,0.2,812488.1947,326520.783,0.24681072,80588.82949
PANDALSMA14,0.588795259,0.937872262,0.270457353,881,0.2,518.7286232,208.4653996,0.781560219,162.9282633
PANDALSMA16,0.675024296,0.738775394,0.235874153,332,0.2,224.1080664,90.06400558,0.615646162,55.44755935
PANDALSMA18-19,0.533408522,1.146642226,0.235917352,785,0.2,418.7256895,168.2764634,0.955535188,160.7940822
PANDALSMAFR,0.719971804,0.870672383,0.213837348,630,0.2,453.5822364,182.2845279,0.725560319,132.2584202
PANDALSMAGTSE,0.742239234,0.82970229,0.209369989,614,0.2,455.7348898,183.149631,0.691418575,126.6330569
PANDALSMAPRD,0.636706687,1.091641372,0.191148691,2080,0.2,1324.34991,532.2265262,0.909701143,484.1670793
PAUANPAU5A,0.960714446,0.171460014,0.013937634,1175.446902,0.2,1129.268819,453.8278111,0.142883345,64.84443561
PAUAPAU5B,0.966165908,0.144410866,0.007945639,3442.227526,0.2,3325.762882,1336.549512,0.120342388,160.84356
PAUAPAU5D,0.931207026,0.164250002,0.018369686,2290.217744,0.2,2132.666854,857.0709771,0.136875002,117.3115913
PAUAPAU7,0.948964514,0.181510952,0.011381905,3939.021372,0.2,3737.991501,1502.214948,0.151259127,227.2237213
PAUASPAU5A,0.963986797,0.128169697,0.008883656,1269.756407,0.2,1224.028412,491.9095662,0.106808081,52.53991679
PCEELARGS,0.943566714,0.096257905,0.018699242,439000,0.2,414225.7875,166468.0537,0.08021492,13353.22169
PCOD5AB,2.328079639,0.141547371,0.135669742,11900,0.2,27704.14771,11133.67562,0.117956142,1313.285427
PCODAI,1.109276491,0.397245825,0.057907084,172000,0.2,190795.5565,76676.45501,0.331038188,25382.83469
PCODBS,1.184516259,0.244419803,0.056399811,2160000,0.2,2558555.12,1028225.92,0.203683169,209432.3143
PCODGA,0.862676013,0.139345621,0.029700386,1410000,0.2,1216373.179,488833.0998,0.116121351,56763.95978
PCODHS,2.253150656,0.1282342,0.090755888,42200,0.2,95082.9577,38211.70818,0.106861834,4083.373199
PCODNPAC,1.426269108,0.436184433,0.133449508,279000,0.2,397929.081,159918.7729,0.363487028,58128.39944
PCODWCVANI,1.995498891,0.140083378,0.127675364,20400,0.2,40708.17739,16359.70349,0.116736149,1909.768778
PERCHEBSAI,1.087921071,0.042570652,0.011386543,1130000,0.2,1229350.81,494048.5186,0.035475544,17526.63976
PERCHQCI,1.018977433,0.039525612,0.014585747,66500,0.2,67761.99927,27232.02774,0.03293801,896.9687916
PERCHWCVANI,1.088991822,0.066946102,0.007983888,39200,0.2,42688.47941,17155.54246,0.055788419,957.0805834
PGEODWA,1.037164054,0.202746553,0.051511768,83400,0.2,86499.48208,34762.20184,0.16895546,5873.263818
PHAKEPCOAST,1.162719713,0.300303522,0.062912778,2268024.319,0.2,2637076.585,1059781.935,0.250252935,265213.5395
PHALNPAC,1.495322268,0.072199753,0.026764716,367000,0.2,548783.2722,220543.689,0.060166461,13269.33318
PHFLOUNSOJ,3.374111737,0.236718215,0.070714113,13700,0.2,46225.33079,18576.9237,0.197265179,3664.58018
PILCHPJPN,1.660455545,0.199608489,0.081189205,19500000,0.2,32378883.12,13012346.93,0.166340408,2164479.092
PILCHTSST,1.695813941,0.201911527,0.059088848,10200000,0.2,17297302.2,6951397.81,0.168259606,1169639.457
PINKSHRIMPGM,0.714629082,0.367470236,0.113189077,132337.6857,0.2,94572.35876,38006.50992,0.306225197,11638.55098
PLAIC2123,3.81832255,0.356927051,0.061085233,17800,0.2,67966.14139,27314.06788,0.297439209,8124.274753
PLAIC7d,1.155422549,0.44705342,0.083848945,85192.37277,0.2,98433.1885,39558.0908,0.372544517,14737.14981
PLAICCELT,1.852059431,0.316084526,0.032859865,5790,0.2,10723.4241,4309.503642,0.263403772,1135.139514
PLAICECHW,2.397524862,0.243515639,0.095853228,9850,0.2,23615.61989,9490.587984,0.202929699,1925.922165
PLAICIS,0.875927929,0.517378255,0.088227295,26800,0.2,23474.8685,9434.023155,0.431148546,4067.465364
PLAICNS,1.920814455,0.298190426,0.057550307,1030000,0.2,1978438.889,795090.217,0.248492022,197573.5756
POLL5YZ,0.721943118,0.067716654,0.048485197,642839.9506,0.2,464093.8783,186508.921,0.056430545,10524.80004
POLLFAPL,3.048996027,0.166439267,0.065204984,272000,0.2,829326.9195,333287.8888,0.13869939,46226.82671
POLLIEG,5.028041566,0.179802025,0.052328939,342838.9855,0.2,1723808.669,692760.0427,0.149835021,103799.7156
POLLNEAR,1.64387164,0.294252559,0.048480317,1070000,0.2,1758942.655,706879.6036,0.245210466,173334.2771
POPERCHPCOAST,1.30003088,0.021354532,0.004254739,119000,0.2,154703.6747,62171.93716,0.017795444,1106.377199
PSHRMPMEDGSA6,0.743285201,0.556570866,0.048786707,1181.246525,0.2,878.0030611,352.8497384,0.463809055,163.6549037
PSOLEPCOAST,0.981068458,0.161318185,0.007939094,53300,0.2,52290.94881,21014.55954,0.134431821,2825.025506
PTOOTHFISHCH,1.202962582,0.046940135,0.006080759,297000,0.2,357279.8867,143582.7734,0.039116779,5616.495684
PTOOTHFISHMI,0.85506629,0.057374868,0.008970806,9730,0.2,8319.795,3343.539014,0.04781239,159.8625918
RBRMSETOE,5.32588554,0.271223285,0.033004434,5050,0.2,26895.72198,10808.78745,0.226019404,2442.995698
RBRMSETOW,3.009425394,0.238794845,0.023991347,12000,0.2,36113.10473,14513.04685,0.198995704,2888.033981
RDSHRMPMEDGSA1,1.212910095,0.324979953,0.115731587,1513.872824,0.2,1836.19163,737.9242341,0.270816628,199.8421527
REDDEEP2J3K-3LNO,0.291640656,0.54449241,0.102875473,1620000,0.2,472457.863,189870.2189,0.453743675,86152.41082
REDDEEPI-II,1.009158083,0.215623537,0.040216519,1240000,0.2,1251356.023,502891.9204,0.179686281,90362.77894
REDDEEPUT12,0.263121735,0.358083241,0.180533907,443000,0.2,116562.9284,46844.02665,0.298402701,13978.38407
REDFEAUS,1.505231849,0.072478969,0.016389707,23600,0.2,35523.47163,14276.08653,0.060399141,862.2633656
REDFISHSPP3LN,1.198038159,0.228439345,0.006869947,262000,0.2,313885.9978,126143.7427,0.190366121,24013.49499
REDFISHSPP3M,0.569168135,0.31144196,0.139373513,485000,0.2,276046.5455,110936.9155,0.259534967,28792.00869
REXSOLEGA,1.967604547,0.081547911,0.038535328,49700,0.2,97789.946,39299.58607,0.067956593,2670.665972
REYEROCKGA,1.090685962,0.084743162,0.004930946,47400,0.2,51698.5146,20776.47353,0.070619301,1467.220045
RGROUPGM,2.274812482,0.200064359,0.018995107,46400,0.2,105551.2991,42418.69982,0.166720299,7072.058318
RGROUPSATL,2.294175726,0.181868463,0.027975713,3620,0.2,8304.916128,3337.559529,0.151557052,505.8306834
RHERRTSST,1.545952647,0.417830252,0.113559502,149000,0.2,230346.9444,92571.27073,0.348191877,32232.56447
RKCRABNS,0.445268872,0.129785546,0.035105823,6706.935601,0.2,2986.389652,1200.163023,0.108154622,129.8031775
RKCRABPI,0.568227201,0.549238859,0.197061009,12800,0.2,7273.308177,2922.979431,0.457699049,1337.844907
RMULLMEDGSA1,1.419308683,0.470704738,0.065711734,821.8051999,0.2,1166.395256,468.7480936,0.392253948,183.8682905
RMULLMEDGSA11,1.863419206,1.010073736,0.198505877,432.303976,0.2,805.5635316,323.7379162,0.841728113,272.4993054
RMULLMEDGSA15-16,4.988910215,0.097583279,0.13502233,5215.57662,0.2,26020.04348,10456.8719,0.081319399,850.3465359
RMULLMEDGSA17-18,1.782852311,0.779774648,0.160530619,12841.34471,0.2,22894.22109,9200.673984,0.649812207,5978.710268
RMULLMEDGSA19,0.870855097,0.45401647,0.080104548,3149.05846,0.2,2742.373612,1102.098449,0.378347058,416.9757058
RMULLMEDGSA29,1.367544506,0.331398852,0.084251017,18694.31409,0.2,25565.30654,10274.12332,0.27616571,2837.360566
RMULLMEDGSA5,0.998678436,0.72950628,0.098117839,96.42753677,0.2,96.30010164,38.70085103,0.6079219,23.52709488
RMULLMEDGSA6,1.237336544,0.713294486,0.204775816,4450.472896,0.2,5506.732752,2213.032388,0.594412072,1315.453167
RMULLMEDGSA9,1.438276302,0.316216108,0.039400252,5323.940591,0.2,7657.297586,3077.296162,0.263513423,810.9088466
RPORGYSATLC,1.593963392,0.083837893,0.016422871,7260,0.2,11572.17423,4650.597281,0.069864911,324.9135638
RROCKLOBSTERCRA1,0.896312181,0.292984258,0.020102016,3050,0.2,2733.752151,1098.633677,0.244153549,268.2353107
RROCKLOBSTERCRA2,0.875633294,0.545621574,0.048227963,2450,0.2,2145.301571,862.1485864,0.454684645,392.0057239
RROCKLOBSTERCRA3,0.938496385,0.216026769,0.042941803,5850,0.2,5490.203849,2206.389793,0.180022307,397.1993815
RROCKLOBSTERCRA4,0.979909934,0.876917567,0.0857647,2500,0.2,2449.774836,984.5095631,0.730764639,719.4447757
RROCKLOBSTERCRA5,1.02889025,0.222854175,0.022153858,7750,0.2,7973.899441,3204.531347,0.185711813,595.1193259
RROCKLOBSTERCRA7,1.179634331,0.246705415,0.030661435,4000,0.2,4718.537323,1896.274323,0.205587846,389.8509538
RROCKLOBSTERCRA8,0.987366997,0.266085638,0.025504972,21300,0.2,21030.91704,8451.853877,0.221738031,1874.097439
RROCKLOBSTERSAUSNZ,1.555779478,0.254136692,0.042060234,5470,0.2,8510.113743,3420.023849,0.211780577,724.2946236
RROCKLOBSTERSAUSSZ,1.852573694,0.529219579,0.078363553,5120,0.2,9485.177312,3811.880028,0.441016316,1681.101287
RSHRMPMEDGSA1,0.967289002,0.38591322,0.135463147,1450,0.2,1402.569053,563.6610454,0.32159435,181.2702075
RSHRMPMEDGSA17-19,1.120531947,0.554779655,0.08103998,16619.1121,0.2,18622.24603,7483.863021,0.46231638,3459.912457
RSHRMPMEDGSA5,0.085297487,0.0796145,0.069711967,164.9557358,0.2,14.07030972,5.654541909,0.066345417,0.37515294
RSHRMPMEDGSA9-11,1.204087452,0.710123326,0.083015094,5690,0.2,6851.257604,2753.366771,0.591769439,1629.358308
RSNAPGM,0.866364811,0.070779976,0.013134695,201000,0.2,174139.3271,69982.68996,0.058983313,4127.810937
RSOLE5AB,1.039831576,0.163603938,0.019587919,8615.36075,0.2,8958.524145,3600.229932,0.136336615,490.8431617
RSOLEGA,0.985699001,0.056394734,0.028740066,236000,0.2,232624.9642,93486.7558,0.046995611,4393.467238
RSOLEHSTR,1.410830494,0.087789148,0.028494693,24717.92884,0.2,34872.80776,14014.59931,0.073157623,1025.274776
RSQLOBSTERNCH,1.145902895,0.291581752,0.079311721,13900,0.2,15928.05024,6401.126156,0.242984793,1555.376315
SAABALONESA,1.003027613,0.081303359,0.007012651,31400,0.2,31495.06704,12657.16107,0.067752799,857.5580892
SABLEFEBSAIGA,2.01109766,0.034950813,0.030799916,691000,0.2,1389668.483,558476.5959,0.029125677,16266.00907
SABLEFPCAN,0.874048236,0.076161846,0.009266528,127000,0.2,111004.1259,44610.06862,0.063468205,2831.320998
SABLEFPCOAST,1.696566324,0.012387384,0.02006789,415000,0.2,704075.0247,282951.9614,0.01032282,2920.862219
SAILEATL,1.07697084,0.182252235,0.010581401,27400,0.2,29509.00101,11859.00568,0.151876863,1801.108579
SAILWATL,1.12044079,0.043361115,0.00944117,40900,0.2,45826.02829,18416.45299,0.036134262,665.4649461
SARDINWA,1.382328064,0.651097182,0.131220229,1180000,0.2,1631147.116,655521.4424,0.542580985,355673.4701
SARDMEDGSA16,0.770643284,0.308079093,0.119104138,29400,0.2,22656.91254,9105.305,0.256732577,2337.628418
SARDMEDGSA17-18,1.930315867,0.035006086,0.043548371,1710000,0.2,3300840.132,1326533.618,0.029171739,38697.29209
SARDMEDGSA22,5.00124365,0.712950635,0.158690406,14604.31792,0.2,73039.75224,29353.03829,0.594125529,17439.3894
SARDMEDGSA7,0.489661148,0.787027713,0.217561157,231000,0.2,113111.7251,45457.06546,0.655856427,29813.30855
SARDPCOAST,1.482270227,0.061996623,0.128935801,977000,0.2,1448178.012,581990.2632,0.051663853,30067.85923
SARDPVIIIc-IXa,1.508000445,0.262970723,0.117952457,1019355.451,0.2,1537188.473,617761.5713,0.219142269,135377.6724
SARDSA,0.669631439,0.237697441,0.117156846,4160000,0.2,2785666.788,1119497.005,0.198081201,221751.3111
SARDWAZAB,0.978567995,1.765902968,0.328041886,1370000,0.2,1340638.153,538772.406,1.471585807,792849.8257
SARDWAZC,0.748035921,0.840183821,0.253061394,6290000,0.2,4705145.943,1890892.628,0.700153184,1323914.494
SARDWSE,2.432932177,0.060535526,0.099942019,480911,0.2,1170023.846,470206.3426,0.050446272,23720.15689
SAURNWPAC,0.729557239,0.789083232,0.165978384,5020000,0.2,3662377.339,1471827.313,0.65756936,967828.5444
SBARSHARATL,0.716098134,0.354751371,0.074133661,49700,0.2,35590.07724,14302.85383,0.295626142,4228.2975
SBELLYROCKPCOAST,0.179661147,0.041412993,0.022131251,381000,0.2,68450.89704,27508.8803,0.034510827,949.3542119
SBREAMCH,1.019953594,0.371315964,0.069405858,15600,0.2,15911.27606,6394.384991,0.30942997,1978.614358
SBWHITACIR,1.472618335,0.22480688,0.100422468,195569.5189,0.2,287999.2592,115740.443,0.187339066,21682.70654
SBWHITCH,0.173118336,0.016327779,0.007113145,1380000,0.2,238903.3043,96009.87987,0.013606482,1306.356718
SCALL5ZMAB,2.871675442,0.242767681,0.051422377,126000,0.2,361831.1057,145411.8063,0.202306401,29417.73922
SCALLGB,0.98973136,0.764770247,0.182342928,31600,0.2,31275.51099,12568.92642,0.637308539,8010.284138
SCALLNBB,0.668019197,0.438492536,0.124607739,22700,0.2,15164.03578,6094.085882,0.365410446,2226.842642
SCMPBP,0.839032009,0.046871401,0.057103077,7506.017482,0.2,6297.788931,2530.940125,0.0390595,98.85725689
SCMPMB,0.989200214,0.023630166,0.07353531,13334.8812,0.2,13190.86733,5301.113736,0.019691805,104.3884987
SCMPWHB,1.105406627,0.080865613,0.054945664,3514.877804,0.2,3885.369217,1561.442747,0.067388011,105.222521
SCUPNWATLC,1.016680568,0.30936079,0.036258304,535028.5157,0.2,543953.0953,218602.5492,0.257800658,56355.88108
SDOGATLC,0.73221047,0.18253075,0.104712469,741035.9041,0.2,542594.2475,218056.4588,0.152108959,33168.34085
SEELNSSA1,0.672207458,1.065255262,0.224736543,1483765.681,0.2,997398.3572,400832.0301,0.887712719,355823.6912
SEELNSSA2,0.815938756,1.30880846,0.296887918,445435.0604,0.2,363447.7292,146061.491,1.090673717,159305.4293
SEELNSSA3,1.021029398,1.216750076,0.314218404,515868.3974,0.2,526716.7992,211675.6684,1.013958397,214630.3213
SEELNSSA4,0.535253722,0.743567182,0.222940484,569735.4827,0.2,304953.0379,122553.7865,0.619639318,75939.14469
SFLOUNMATLC,1.216549232,0.35030388,0.054746709,135695.9816,0.2,165080.8421,66342.28801,0.2919199,19366.63407
SHAKE4VWX,0.976675731,0.410073077,0.101863602,146000,0.2,142594.6567,57305.59441,0.341727564,19582.9012
SHCROCKPCOAST,0.93815063,0.310451829,0.101821367,12900,0.2,12102.14313,4863.579898,0.258709857,1258.256061
SILVERFISHSE,1.461691751,0.105960956,0.04881933,26017.9,0.2,38030.14982,15283.46427,0.088300796,1349.542066
SKJCIO,0.828280615,0.806562135,0.107488136,1810000,0.2,1499187.913,602489.9985,0.672135112,404954.6827
SKJCWPAC,1.874116331,0.318758674,0.11566594,5100000,0.2,9557993.287,3841143.136,0.265632228,1020331.41
SKJEATL,0.999220837,1.292114471,0.014630463,768000,0.2,767401.6031,308401.493,1.076762059,332075.0267
SKJWATL,1.01386217,1.735994582,0.040095844,58300,0.2,59108.16448,23754.24563,1.446662151,34364.36808
SMDOGATL,0.881401501,0.125056238,0.053517969,32937,0.2,29030.72122,11666.79576,0.104213531,1215.837986
SMOOTHOREOCR,0.946004044,0.135124634,0.013035459,110828.1095,0.2,104843.8398,42134.38777,0.112603862,4744.494772
SMOOTHOREOWECR,0.368763226,0.01241624,0.013021484,262787.5526,0.2,96906.38553,38944.50293,0.010346866,402.9535727
SMSHRMPMEDGSA17-18,0.969121703,0.338387215,0.038138923,72640.13936,0.2,70397.13559,28291.02993,0.281989346,7977.76903
SMULLMEDGSA15-16,1.079194987,0.917431837,0.188795182,6723.127247,0.2,7255.565224,2915.848936,0.76452653,2229.24387
SMULLMEDGSA9,1.051724366,0.8957001,0.053882118,1580,0.2,1661.724498,667.8098068,0.74641675,498.4644257
SNAPSAUSSSG,1.407736814,0.164131622,0.028082712,4310,0.2,6067.34567,2438.330146,0.136776351,333.5059009
SNOWCRAB3K,1.272346319,2.081484274,0.219196362,19400,0.2,24683.51859,9919.752519,1.734570228,17206.50739
SNOWCRABESJ,0.742112532,1.273447618,0.156536221,4410,0.2,3272.716265,1315.231266,1.061206349,1395.73177
SNOWCRABNPAC,0.708534523,0.815711347,0.213836963,1780,0.2,1261.19145,506.8445578,0.679759456,344.5323807
SNOWCRABSGSL,1.455822453,0.454363709,0.112033818,103000,0.2,149949.7127,60261.42645,0.378636424,22817.17102
SNOWCRABWSJ,0.894280283,0.675001243,0.149092726,33700,0.2,30137.24553,12111.48306,0.562501036,6812.721767
SNOWGROUPSATLC,1.24321135,0.130525119,0.028392128,2940,0.2,3655.041368,1468.879151,0.108770932,159.7713545
SNROCKPCOAST,0.981801041,0.02068877,0.014588711,87500,0.2,85907.59112,34524.33414,0.017240641,595.2216611
SOLECS,1.394253183,0.614780269,0.049176605,4500,0.2,6274.139322,2521.435877,0.51231689,1291.774188
SOLEIIIa-2224,2.393903509,0.181757677,0.074556493,6200,0.2,14842.20175,5964.748004,0.151464731,903.4489508
SOLEIS,1.631975027,0.276431161,0.103988441,2340,0.2,3818.821562,1534.698737,0.230359301,353.5321287
SOLENS,1.637538883,0.267358631,0.076032,151000,0.2,247268.3713,99371.6127,0.222798859,22139.88191
SOLEVIId,1.025085162,0.674978977,0.092018616,29400,0.2,30137.50377,12111.58684,0.562482481,6812.555413
SOLEVIIe,4.252118146,0.148485075,0.055925262,6390,0.2,27171.03495,10919.42956,0.123737563,1351.143601
SOLEVIIIab,4.090186164,0.222912324,0.055719229,20500,0.2,83848.81636,33696.95874,0.18576027,6259.556141
SOLMEDGSA17,1.86694975,1.195084333,0.153358284,2403.442901,0.2,4487.107122,1803.267715,0.995903611,1795.880829
SOUTHHAKECH,0.955385955,0.087784878,0.033667268,940000,0.2,898062.7974,360911.2965,0.073154065,26402.12853
SOUTHHAKECR,1.242558914,0.03447128,0.023147134,68745.72585,0.2,85420.61443,34328.62913,0.028726066,986.126481
SOUTHHAKESA,0.973713093,0.034041405,0.032570698,106340.1403,0.2,103544.787,41612.32759,0.028367837,1180.451747
SOUTHHAKEWCSI,0.962499515,0.212752968,0.030096835,97357.25998,0.2,93706.31549,37658.46655,0.17729414,6676.625446
SPANMACKGM,0.942640163,0.086001692,0.020932723,53700,0.2,50619.77677,20342.95298,0.071668077,1457.940314
SPANMACKSATLC,1.318725642,0.24937553,0.019583382,21800,0.2,28748.21901,11553.26445,0.207812942,2400.917874
SPANMACKSETO,1.483594369,0.242345376,0.029528658,16300,0.2,24182.58822,9718.439838,0.20195448,1962.682467
SPHAKECH,1.514559004,0.098774322,0.054343477,1240000,0.2,1878053.164,754747.4458,0.082311935,62124.72275
SPRAT22-32,1.183015433,0.204357014,0.116426417,3270000,0.2,3868460.465,1554647.499,0.170297511,264752.6002
SPRATNS,0.758861132,0.343118774,0.124672971,2329763.02,0.2,1767966.601,710506.1252,0.285932312,203156.6588
SPRBLKGSA29,0.712163772,0.452581807,0.147134283,3467593.087,0.2,2469494.172,992434.3218,0.377151506,374298.0988
SPSDOGPCOAST,1.704621774,0.004043439,0.005507281,306000,0.2,521614.263,209625.0735,0.003369532,706.3384805
SPURDNEATL,1.085068319,0.029769658,0.002837549,1650000,0.2,1790362.727,719506.6257,0.024808048,17849.55522
SRAKEROCKBSAI,1.000392972,0.380526244,0.025881303,23100,0.2,23109.07766,9287.020022,0.317105204,2944.962374
SRAKEROCKGA,1.541116301,0.105974429,0.022405871,55500,0.2,85531.95471,34373.37429,0.088312024,3035.582248
SSANDWSJ,0.808832268,1.690265678,0.285495752,37600,0.2,30412.09327,12221.9382,1.408554731,17215.26888
SSARDCH,1.064479559,0.362911642,0.057874816,221000,0.2,235249.9825,94541.69179,0.302426368,28591.90048
SSHRIMPSMAGTSE,0.509094355,0.683483477,0.230709405,313,0.2,159.346533,64.0377978,0.569569564,36.47398059
SSHRIMPSMAPRD,0.839035039,0.594534878,0.120929096,1220,0.2,1023.622747,411.3710244,0.495445732,203.8120182
SSLOBSTERSASC,1.370831812,0.231068966,0.046299346,3550,0.2,4866.452932,1955.718289,0.192557472,376.588169
SSSHRIMPSMA14,0.661367647,0.895889167,0.292945193,235,0.2,155.4213971,62.46037371,0.746574306,46.63131015
SSSHRIMPSMA16,0.637070518,1.057638343,0.295287266,93.1,0.2,59.31126521,23.83586726,0.881365286,21.00810596
SSSHRIMPSMA18-19,0.825056763,0.899886646,0.201863977,49.6,0.2,40.92281547,16.44596172,0.749905538,12.33291777
SSSHRIMPSMAFR,1.155828675,0.269734631,0.216515751,496,0.2,573.291023,230.3928044,0.224778859,51.78743174
SSTHORNHGA,0.944302147,0.10371505,0.045926059,104000,0.2,98207.42331,39467.36083,0.086429208,3411.132756
STFLOUNNPCOAST,0.532957002,0.142387233,0.130463011,26700,0.2,14229.95197,5718.698546,0.118656027,678.5580512
STFLOUNSPCOAST,0.635524236,0.198382428,0.117292473,9120,0.2,5795.981034,2329.274785,0.16531869,385.0726558
STMARLINIO,1.049342767,0.176015689,0.005584599,56600,0.2,59392.80062,23868.63451,0.146679741,3501.045119
STMARLINNEPAC,1.798736306,0.349255038,0.094029254,9260,0.2,16656.29819,6693.792676,0.291045865,1948.200681
STMARLINSWPO,1.125905151,0.188630494,0.01816931,29100,0.2,32763.8399,13167.05243,0.157192078,2069.756339
STMARLINWCNPAC,1.464796112,0.434274475,0.094118217,28400,0.2,41600.20958,16718.19122,0.361895396,6050.236425
STRIPEDBASSGOMCHATT,0.986343515,0.26390873,0.043690755,114657.0739,0.2,113091.2613,45448.84149,0.219923942,9995.288361
STRMULLIIIa-IV-VIId,0.900827758,0.961436211,0.195605099,9298.606233,0.2,8376.442605,3366.304416,0.801196842,2697.072468
SURFMATLC,1.185300033,0.016676046,0.049501741,2500000,0.2,2963250.083,1190863.749,0.013896705,16549.0827
SWHITSE,1.013779175,0.389359561,0.02501598,13700,0.2,13888.7747,5581.587054,0.324466301,1811.036906
SWORDEPAC,1.648510783,0.096428302,0.053729027,67100,0.2,110615.0735,44453.71718,0.080356918,3572.163722
SWORDIO,0.947567639,0.981426396,0.075109441,86914.77588,0.2,82357.62894,33097.68396,0.81785533,27069.11724
SWORDMED,0.776411008,0.260990321,0.044996377,188000,0.2,145965.2696,58660.16813,0.217491934,12758.11343
SWORDNATL,1.129625124,0.302575286,0.005552184,121000,0.2,136684.64,54930.49124,0.252146072,13850.5076
SWORDNPAC,1.435794752,0.223300601,0.041715257,121000,0.2,173731.165,69818.65878,0.186083835,12992.12375
SWORDSATL,1.037308747,0.365612104,0.00666728,115000,0.2,119290.5059,47940.17887,0.304676753,14606.25805
TANNERCRABBSAI,1.684452464,0.026835775,0.058946755,765000,0.2,1288606.135,517861.9047,0.022363146,11581.0212
TARAKNZ,1.001584798,0.132553481,0.021193686,12817.89794,0.2,12838.21173,5159.389359,0.110461234,569.9125156
TASGIANTCRABTAS,1.981984094,0.048444918,0.039669505,2000,0.2,3963.968187,1593.029911,0.040370765,64.31183634
TIGERFLATSE,1.029839066,0.150706836,0.018411145,48300,0.2,49741.22687,19989.88348,0.12558903,2510.510078
TILEGM,0.90049666,0.152442575,0.012277129,3050,0.2,2746.514812,1103.762704,0.127035479,140.2170235
TILEMATLC,0.674936634,0.219579429,0.061739904,38661.1547,0.2,26093.82963,10486.52489,0.182982858,1918.854293
TILESATLC,0.964876282,0.117789427,0.017625156,8310,0.2,8018.121905,3222.303363,0.098157856,316.2943897
TREVALLYTRE7,1.050449857,0.168548563,0.012444021,23089.3028,0.2,24254.15482,9747.200852,0.140457136,1369.063915
TURBLKGSA29,2.604310003,0.065110874,0.047805499,46865.7309,0.2,122052.8918,49050.31979,0.054259061,2661.424307
VSNAPGM,0.891683931,0.139146986,0.009404145,31900,0.2,28444.7174,11431.29397,0.115955822,1325.525086
VSNAPSATLC,0.933681412,0.241916224,0.037682593,8090,0.2,7553.48262,3035.575256,0.201596853,611.9624184
WANGLVIIIc-IXa,2.372347203,0.290545268,0.074420139,16200,0.2,38432.02468,15444.96877,0.242121057,3739.552163
WAREHOUESE,1.798934644,0.057681236,0.062827617,17600,0.2,31661.24973,12723.94617,0.048067697,611.6107834
WAREHOUWSE,0.635853014,0.288806467,0.026290602,5480,0.2,3484.474516,1400.332158,0.240672056,337.0208192
WEAKFISHATLC,2.464223117,0.368995014,0.087880718,33258.45871,0.2,81956.2628,32936.38391,0.307495845,10127.8012
WHAKEGBGOM,1.532755123,0.224662613,0.033830708,48754.94062,0.2,74729.38498,30032.0638,0.187218844,5622.568264
WHITMEDGSA29,1.561614495,0.359118553,0.117463652,51222.10313,0.2,79989.1787,32145.85692,0.299265461,9620.144686
WHITNS-VIId,2.322547079,0.162921986,0.123952807,715000,0.2,1660621.161,667366.4004,0.135768322,90607.21625
WHITVIa,0.437788318,0.298123515,0.043964966,235970.3642,0.2,103305.0689,41515.99028,0.248436262,10314.07745
WHITVIIa,1.707822168,0.325131203,0.048225994,61000,0.2,104177.1523,41866.46101,0.270942669,11343.41071
WHITVIIek,1.061419029,0.525052862,0.111944871,123541.0456,0.2,131128.8167,52697.73046,0.437544052,23057.57851
WINFLOUN4T,0.555736199,0.081375948,0.087511089,812693.689,0.2,451643.3015,181505.3134,0.06781329,12308.47252
WINFLOUN5Z,0.567751507,0.238909743,0.089109713,48208.73156,0.2,27370.57997,10999.62223,0.199091452,2189.930763
WITFLOUN4RST,0.263155098,0.03570489,0.02526577,187721.0737,0.2,49399.75747,19852.65459,0.029754075,590.6973674
WITFLOUN5Y,0.68389539,0.150592861,0.035926683,55230.91175,0.2,37772.16594,15179.78634,0.12549405,1904.972872
WLFLOUNNPAC,2.006096314,0.208420748,0.04548308,1200,0.2,2407.315576,967.4461389,0.173683957,168.0298732
WMARLINATL,1.179729814,0.073496213,0.009947911,38200,0.2,45065.67889,18110.88562,0.061246845,1109.234595
WPOLLEBS,0.993046275,0.478185466,0.104799494,13100000,0.2,13008906.2,5227987.639,0.398487888,2083289.753
WPOLLGA,0.936508939,0.162151662,0.092148946,2900000,0.2,2715875.923,1091449.622,0.135126385,147483.6422
WPOLLNAVAR,1.436373735,0.417492331,0.12279625,3561248.707,0.2,5115284.106,2055717.957,0.347910276,715205.402
WPOLLNSO,2.48247889,0.098066773,0.05487161,13257938.59,0.2,32912552.67,13226816.76,0.081722311,1080926.028
WROCKPCOAST,0.882491495,0.131020281,0.021059318,183000,0.2,161495.9435,64901.59767,0.109183568,7086.187979
WSHRIMPGM,0.51347278,0.29382931,0.131664316,1899407.451,0.2,975294.0237,391948.7943,0.244857758,95971.70302
YEGROUPGM,1.358155613,0.039720104,0.027389606,15000,0.2,20372.3342,8187.184204,0.033100087,270.99651
YELL3LNO,0.709080166,0.397314566,0.153671151,531150.3992,0.2,376628.2131,151358.4318,0.331095472,50114.09141
YELLCCODGOM,1.926856655,0.511306403,0.168203434,5267.449278,0.2,10149.61969,4078.90452,0.426088669,1737.974999
YELLGB,3.962259009,0.257623076,0.066576487,34900,0.2,138282.8394,55572.77175,0.214685896,11930.69031
YELLSNEMATL,0.85201814,0.555291934,0.108779399,50831.08109,0.2,43309.00315,17404.91703,0.462743278,8054.008361
YEYEROCKPCOAST,0.991445958,0.026636508,0.001054398,8880,0.2,8804.040111,3538.146264,0.02219709,78.53655083
YFINATL,1.026397184,0.189428165,0.001676414,1940000,0.2,1991210.537,800222.8561,0.157856805,126320.623
YFINCWPAC,0.759962851,0.153179025,0.033078671,8620000,0.2,6550879.772,2632651.657,0.127649188,336055.8452
YFINEIO,0.941126398,0.132391115,0.036538744,6600346.858,0.2,6211760.663,2496367.293,0.110325929,275414.0411
YFINEPAC,0.615744394,0.233080685,0.103980581,12577728.74,0.2,7744665.961,3112407.552,0.194233904,604535.0712
YNOSESKACSCH,1.810811226,0.044328443,0.005904481,13700,0.2,24808.1138,9969.824541,0.036940369,368.289002
YNOSESKASCH,1.04844548,0.067706717,0.003828092,30800,0.2,32292.12079,12977.4791,0.056422264,732.2187521
YSOLEBSAI,1.160728965,0.124628959,0.035985255,3360000,0.2,3900049.321,1567342.352,0.103857465,162780.2042
YTROCKNPCOAST,0.919622813,0.236268091,0.0797774,149000,0.2,137023.7991,55066.79169,0.196890076,10842.10481
YTSNAPSATLCGM,1.113542305,0.132218185,0.054682558,26800,0.2,29842.93378,11993.20577,0.110181821,1321.433249